*,a
*a,a
*aa,c
*aac,h
*aach,e
*aache,n
*aachen,o
*aacheno,s
*aachenos,a
*aachenosa,u
*aachenosau,r
*aachenosaur,u
*aachenosauru,s
*aachenosaurus,$
*,a
*a,a
*aa,r
*aar,d
*aard,o
*aardo,n
*aardon,y
*aardony,x
*aardonyx,$
*,a
*a,b
*ab,d
*abd,a
*abda,l
*abdal,l
*abdall,a
*abdalla,h
*abdallah,s
*abdallahs,a
*abdallahsa,u
*abdallahsau,r
*abdallahsaur,u
*abdallahsauru,s
*abdallahsaurus,$
*,a
*a,b
*ab,e
*abe,l
*abel,i
*abeli,s
*abelis,a
*abelisa,u
*abelisau,r
*abelisaur,u
*abelisauru,s
*abelisaurus,$
*,a
*a,b
*ab,r
*abr,i
*abri,c
*abric,t
*abrict,o
*abricto,s
*abrictos,a
*abrictosa,u
*abrictosau,r
*abrictosaur,u
*abrictosauru,s
*abrictosaurus,$
*,a
*a,b
*ab,r
*abr,o
*abro,s
*abros,a
*abrosa,u
*abrosau,r
*abrosaur,u
*abrosauru,s
*abrosaurus,$
*,a
*a,b
*ab,y
*aby,d
*abyd,o
*abydo,s
*abydos,a
*abydosa,u
*abydosau,r
*abydosaur,u
*abydosauru,s
*abydosaurus,$
*,a
*a,c
*ac,a
*aca,n
*acan,t
*acant,h
*acanth,o
*acantho,p
*acanthop,h
*acanthoph,o
*acanthopho,l
*acanthophol,i
*acanthopholi,s
*acanthopholis,$
*,a
*a,c
*ac,h
*ach,e
*ache,l
*achel,o
*achelo,u
*achelou,s
*achelous,a
*achelousa,u
*achelousau,r
*achelousaur,u
*achelousauru,s
*achelousaurus,$
*,a
*a,c
*ac,h
*ach,e
*ache,r
*acher,o
*achero,r
*acheror,a
*acherora,p
*acherorap,t
*acherorapt,o
*acherorapto,r
*acheroraptor,$
*,a
*a,c
*ac,h
*ach,i
*achi,l
*achil,l
*achill,e
*achille,s
*achilles,a
*achillesa,u
*achillesau,r
*achillesaur,u
*achillesauru,s
*achillesaurus,$
*,a
*a,c
*ac,h
*ach,i
*achi,l
*achil,l
*achill,o
*achillo,b
*achillob,a
*achilloba,t
*achillobat,o
*achillobato,r
*achillobator,$
*,a
*a,c
*ac,r
*acr,i
*acri,s
*acris,t
*acrist,a
*acrista,v
*acristav,u
*acristavu,s
*acristavus,$
*,a
*a,c
*ac,r
*acr,o
*acro,c
*acroc,a
*acroca,n
*acrocan,t
*acrocant,h
*acrocanth,o
*acrocantho,s
*acrocanthos,a
*acrocanthosa,u
*acrocanthosau,r
*acrocanthosaur,u
*acrocanthosauru,s
*acrocanthosaurus,$
*,a
*a,c
*ac,r
*acr,o
*acro,t
*acrot,h
*acroth,o
*acrotho,l
*acrothol,u
*acrotholu,s
*acrotholus,$
*,a
*a,c
*ac,t
*act,i
*acti,o
*actio,s
*actios,a
*actiosa,u
*actiosau,r
*actiosaur,u
*actiosauru,s
*actiosaurus,$
*,a
*a,d
*ad,a
*ada,m
*adam,a
*adama,n
*adaman,t
*adamant,i
*adamanti,s
*adamantis,a
*adamantisa,u
*adamantisau,r
*adamantisaur,u
*adamantisauru,s
*adamantisaurus,$
*,a
*a,d
*ad,a
*ada,s
*adas,a
*adasa,u
*adasau,r
*adasaur,u
*adasauru,s
*adasaurus,$
*,a
*a,d
*ad,e
*ade,l
*adel,o
*adelo,l
*adelol,o
*adelolo,p
*adelolop,h
*adeloloph,u
*adelolophu,s
*adelolophus,$
*,a
*a,d
*ad,e
*ade,o
*adeo,p
*adeop,a
*adeopa,p
*adeopap,p
*adeopapp,o
*adeopappo,s
*adeopappos,a
*adeopapposa,u
*adeopapposau,r
*adeopapposaur,u
*adeopapposauru,s
*adeopapposaurus,$
*,a
*a,e
*ae,g
*aeg,y
*aegy,p
*aegyp,t
*aegypt,o
*aegypto,s
*aegyptos,a
*aegyptosa,u
*aegyptosau,r
*aegyptosaur,u
*aegyptosauru,s
*aegyptosaurus,$
*,a
*a,e
*ae,o
*aeo,l
*aeol,o
*aeolo,s
*aeolos,a
*aeolosa,u
*aeolosau,r
*aeolosaur,u
*aeolosauru,s
*aeolosaurus,$
*,a
*a,e
*ae,p
*aep,i
*aepi,s
*aepis,a
*aepisa,u
*aepisau,r
*aepisaur,u
*aepisauru,s
*aepisaurus,$
*,a
*a,e
*ae,p
*aep,y
*aepy,o
*aepyo,r
*aepyor,n
*aepyorn,i
*aepyorni,t
*aepyornit,h
*aepyornith,o
*aepyornitho,m
*aepyornithom,i
*aepyornithomi,m
*aepyornithomim,u
*aepyornithomimu,s
*aepyornithomimus,$
*,a
*a,e
*ae,r
*aer,o
*aero,s
*aeros,t
*aerost,e
*aeroste,o
*aerosteo,n
*aerosteon,$
*,a
*a,e
*ae,t
*aet,o
*aeto,n
*aeton,y
*aetony,x
*aetonyx,a
*aetonyxa,f
*aetonyxaf,r
*aetonyxafr,o
*aetonyxafro,m
*aetonyxafrom,i
*aetonyxafromi,m
*aetonyxafromim,u
*aetonyxafromimu,s
*aetonyxafromimus,$
*,a
*a,f
*af,r
*afr,o
*afro,v
*afrov,e
*afrove,n
*afroven,a
*afrovena,t
*afrovenat,o
*afrovenato,r
*afrovenator,$
*,a
*a,g
*ag,a
*aga,t
*agat,h
*agath,a
*agatha,u
*agathau,m
*agathaum,a
*agathauma,s
*agathaumas,$
*,a
*a,g
*ag,g
*agg,i
*aggi,o
*aggio,s
*aggios,a
*aggiosa,u
*aggiosau,r
*aggiosaur,u
*aggiosauru,s
*aggiosaurus,$
*,a
*a,g
*ag,i
*agi,l
*agil,i
*agili,s
*agilis,a
*agilisa,u
*agilisau,r
*agilisaur,u
*agilisauru,s
*agilisaurus,$
*,a
*a,g
*ag,n
*agn,o
*agno,s
*agnos,p
*agnosp,h
*agnosph,i
*agnosphi,t
*agnosphit,y
*agnosphity,s
*agnosphitys,$
*,a
*a,g
*ag,r
*agr,o
*agro,s
*agros,a
*agrosa,u
*agrosau,r
*agrosaur,u
*agrosauru,s
*agrosaurus,$
*,a
*a,g
*ag,u
*agu,j
*aguj,a
*aguja,c
*agujac,e
*agujace,r
*agujacer,a
*agujacera,t
*agujacerat,o
*agujacerato,p
*agujaceratop,s
*agujaceratops,$
*,a
*a,g
*ag,u
*agu,s
*agus,t
*agust,i
*agusti,n
*agustin,i
*agustini,a
*agustinia,$
*,a
*a,h
*ah,s
*ahs,h
*ahsh,i
*ahshi,s
*ahshis,l
*ahshisl,e
*ahshisle,p
*ahshislep,e
*ahshislepe,l
*ahshislepel,t
*ahshislepelt,a
*ahshislepelta,$
*,a
*a,i
*ai,r
*air,a
*aira,k
*airak,o
*airako,r
*airakor,a
*airakora,p
*airakorap,t
*airakorapt,o
*airakorapto,r
*airakoraptor,$
*,a
*a,j
*aj,a
*aja,n
*ajan,c
*ajanc,i
*ajanci,n
*ajancin,g
*ajancing,e
*ajancinge,n
*ajancingen,i
*ajancingeni,a
*ajancingenia,$
*,a
*a,j
*aj,k
*ajk,a
*ajka,c
*ajkac,e
*ajkace,r
*ajkacer,a
*ajkacera,t
*ajkacerat,o
*ajkacerato,p
*ajkaceratop,s
*ajkaceratops,$
*,a
*a,l
*al,a
*ala,m
*alam,o
*alamo,s
*alamos,a
*alamosa,u
*alamosau,r
*alamosaur,u
*alamosauru,s
*alamosaurus,$
*,a
*a,l
*al,a
*ala,s
*alas,k
*alask,a
*alaska,c
*alaskac,e
*alaskace,p
*alaskacep,h
*alaskaceph,a
*alaskacepha,l
*alaskacephal,e
*alaskacephale,$
*,a
*a,l
*al,b
*alb,a
*alba,l
*albal,o
*albalo,p
*albalop,h
*albaloph,o
*albalopho,s
*albalophos,a
*albalophosa,u
*albalophosau,r
*albalophosaur,u
*albalophosauru,s
*albalophosaurus,$
*,a
*a,l
*al,b
*alb,e
*albe,r
*alber,t
*albert,a
*alberta,c
*albertac,e
*albertace,r
*albertacer,a
*albertacera,t
*albertacerat,o
*albertacerato,p
*albertaceratop,s
*albertaceratops,$
*,a
*a,l
*al,b
*alb,e
*albe,r
*alber,t
*albert,a
*alberta,d
*albertad,r
*albertadr,o
*albertadro,m
*albertadrom,e
*albertadrome,u
*albertadromeu,s
*albertadromeus,$
*,a
*a,l
*al,b
*alb,e
*albe,r
*alber,t
*albert,a
*alberta,v
*albertav,e
*albertave,n
*albertaven,a
*albertavena,t
*albertavenat,o
*albertavenato,r
*albertavenator,$
*,a
*a,l
*al,b
*alb,e
*albe,r
*alber,t
*albert,o
*alberto,n
*alberton,y
*albertony,k
*albertonyk,u
*albertonyku,s
*albertonykus,$
*,a
*a,l
*al,b
*alb,e
*albe,r
*alber,t
*albert,o
*alberto,s
*albertos,a
*albertosa,u
*albertosau,r
*albertosaur,u
*albertosauru,s
*albertosaurus,$
*,a
*a,l
*al,b
*alb,i
*albi,n
*albin,y
*albiny,k
*albinyk,u
*albinyku,s
*albinykus,$
*,a
*a,l
*al,b
*alb,i
*albi,s
*albis,a
*albisa,u
*albisau,r
*albisaur,u
*albisauru,s
*albisaurus,$
*,a
*a,l
*al,c
*alc,o
*alco,v
*alcov,a
*alcova,s
*alcovas,a
*alcovasa,u
*alcovasau,r
*alcovasaur,u
*alcovasauru,s
*alcovasaurus,$
*,a
*a,l
*al,e
*ale,c
*alec,t
*alect,r
*alectr,o
*alectro,s
*alectros,a
*alectrosa,u
*alectrosau,r
*alectrosaur,u
*alectrosauru,s
*alectrosaurus,$
*,a
*a,l
*al,e
*ale,t
*alet,o
*aleto,p
*aletop,e
*aletope,l
*aletopel,t
*aletopelt,a
*aletopelta,$
*,a
*a,l
*al,g
*alg,o
*algo,a
*algoa,s
*algoas,a
*algoasa,u
*algoasau,r
*algoasaur,u
*algoasauru,s
*algoasaurus,$
*,a
*a,l
*al,i
*ali,o
*alio,r
*alior,a
*aliora,m
*alioram,u
*alioramu,s
*alioramus,$
*,a
*a,l
*al,i
*ali,w
*aliw,a
*aliwa,l
*aliwal,i
*aliwali,a
*aliwalia,$
*,a
*a,l
*al,l
*all,o
*allo,s
*allos,a
*allosa,u
*allosau,r
*allosaur,u
*allosauru,s
*allosaurus,$
*,a
*a,l
*al,m
*alm,a
*alma,s
*almas,$
*,a
*a,l
*al,n
*aln,a
*alna,s
*alnas,h
*alnash,e
*alnashe,t
*alnashet,r
*alnashetr,i
*alnashetri,$
*,a
*a,l
*al,o
*alo,c
*aloc,o
*aloco,d
*alocod,o
*alocodo,n
*alocodon,$
*,a
*a,l
*al,t
*alt,i
*alti,r
*altir,h
*altirh,i
*altirhi,n
*altirhin,u
*altirhinu,s
*altirhinus,$
*,a
*a,l
*al,t
*alt,i
*alti,s
*altis,p
*altisp,i
*altispi,n
*altispin,a
*altispina,x
*altispinax,$
*,a
*a,l
*al,v
*alv,a
*alva,r
*alvar,e
*alvare,z
*alvarez,s
*alvarezs,a
*alvarezsa,u
*alvarezsau,r
*alvarezsaur,u
*alvarezsauru,s
*alvarezsaurus,$
*,a
*a,l
*al,w
*alw,a
*alwa,l
*alwal,k
*alwalk,e
*alwalke,r
*alwalker,i
*alwalkeri,a
*alwalkeria,$
*,a
*a,l
*al,x
*alx,a
*alxa,s
*alxas,a
*alxasa,u
*alxasau,r
*alxasaur,u
*alxasauru,s
*alxasaurus,$
*,a
*a,m
*am,a
*ama,r
*amar,g
*amarg,a
*amarga,s
*amargas,a
*amargasa,u
*amargasau,r
*amargasaur,u
*amargasauru,s
*amargasaurus,$
*,a
*a,m
*am,a
*ama,r
*amar,g
*amarg,a
*amarga,s
*amargas,t
*amargast,e
*amargaste,g
*amargasteg,o
*amargastego,s
*amargastegos,$
*,a
*a,m
*am,a
*ama,r
*amar,g
*amarg,a
*amarga,t
*amargat,i
*amargati,t
*amargatit,a
*amargatita,n
*amargatitan,i
*amargatitani,s
*amargatitanis,$
*,a
*a,m
*am,a
*ama,z
*amaz,o
*amazo,n
*amazon,s
*amazons,a
*amazonsa,u
*amazonsau,r
*amazonsaur,u
*amazonsauru,s
*amazonsaurus,$
*,a
*a,m
*am,m
*amm,o
*ammo,s
*ammos,a
*ammosa,u
*ammosau,r
*ammosaur,u
*ammosauru,s
*ammosaurus,$
*,a
*a,m
*am,p
*amp,e
*ampe,l
*ampel,o
*ampelo,s
*ampelos,a
*ampelosa,u
*ampelosau,r
*ampelosaur,u
*ampelosauru,s
*ampelosaurus,$
*,a
*a,m
*am,p
*amp,h
*amph,i
*amphi,c
*amphic,o
*amphico,e
*amphicoe,l
*amphicoel,i
*amphicoeli,a
*amphicoelia,s
*amphicoelias,$
*,a
*a,m
*am,p
*amp,h
*amph,i
*amphi,c
*amphic,o
*amphico,e
*amphicoe,l
*amphicoel,i
*amphicoeli,c
*amphicoelic,a
*amphicoelica,u
*amphicoelicau,d
*amphicoelicaud,i
*amphicoelicaudi,a
*amphicoelicaudia,$
*,a
*a,m
*am,p
*amp,h
*amph,i
*amphi,s
*amphis,a
*amphisa,u
*amphisau,r
*amphisaur,u
*amphisauru,s
*amphisaurus,$
*,a
*a,m
*am,t
*amt,o
*amto,c
*amtoc,e
*amtoce,p
*amtocep,h
*amtoceph,a
*amtocepha,l
*amtocephal,e
*amtocephale,$
*,a
*a,m
*am,t
*amt,o
*amto,s
*amtos,a
*amtosa,u
*amtosau,r
*amtosaur,u
*amtosauru,s
*amtosaurus,$
*,a
*a,m
*am,u
*amu,r
*amur,o
*amuro,s
*amuros,a
*amurosa,u
*amurosau,r
*amurosaur,u
*amurosauru,s
*amurosaurus,$
*,a
*a,m
*am,y
*amy,g
*amyg,d
*amygd,a
*amygda,l
*amygdal,o
*amygdalo,d
*amygdalod,o
*amygdalodo,n
*amygdalodon,$
*,a
*a,n
*an,a
*ana,b
*anab,i
*anabi,s
*anabis,e
*anabise,t
*anabiset,i
*anabiseti,a
*anabisetia,$
*,a
*a,n
*an,a
*ana,s
*anas,a
*anasa,z
*anasaz,i
*anasazi,s
*anasazis,a
*anasazisa,u
*anasazisau,r
*anasazisaur,u
*anasazisauru,s
*anasazisaurus,$
*,a
*a,n
*an,a
*ana,t
*anat,o
*anato,s
*anatos,a
*anatosa,u
*anatosau,r
*anatosaur,u
*anatosauru,s
*anatosaurus,$
*,a
*a,n
*an,a
*ana,t
*anat,o
*anato,t
*anatot,i
*anatoti,t
*anatotit,a
*anatotita,n
*anatotitan,$
*,a
*a,n
*an,c
*anc,h
*anch,i
*anchi,c
*anchic,e
*anchice,r
*anchicer,a
*anchicera,t
*anchicerat,o
*anchicerato,p
*anchiceratop,s
*anchiceratops,$
*,a
*a,n
*an,c
*anc,h
*anch,i
*anchi,o
*anchio,r
*anchior,n
*anchiorn,i
*anchiorni,s
*anchiornis,$
*,a
*a,n
*an,c
*anc,h
*anch,i
*anchi,s
*anchis,a
*anchisa,u
*anchisau,r
*anchisaur,u
*anchisauru,s
*anchisaurus,$
*,a
*a,n
*an,d
*and,e
*ande,s
*andes,a
*andesa,u
*andesau,r
*andesaur,u
*andesauru,s
*andesaurus,$
*,a
*a,n
*an,d
*and,h
*andh,r
*andhr,a
*andhra,s
*andhras,a
*andhrasa,u
*andhrasau,r
*andhrasaur,u
*andhrasauru,s
*andhrasaurus,$
*,a
*a,n
*an,g
*ang,a
*anga,t
*angat,u
*angatu,r
*angatur,a
*angatura,m
*angaturam,a
*angaturama,$
*,a
*a,n
*an,g
*ang,l
*angl,o
*anglo,p
*anglop,o
*anglopo,s
*anglopos,e
*anglopose,i
*angloposei,d
*angloposeid,o
*angloposeido,n
*angloposeidon,$
*,a
*a,n
*an,g
*ang,o
*ango,l
*angol,a
*angola,t
*angolat,i
*angolati,t
*angolatit,a
*angolatita,n
*angolatitan,$
*,a
*a,n
*an,g
*ang,u
*angu,l
*angul,o
*angulo,m
*angulom,a
*anguloma,s
*angulomas,t
*angulomast,a
*angulomasta,c
*angulomastac,a
*angulomastaca,t
*angulomastacat,o
*angulomastacato,r
*angulomastacator,$
*,a
*a,n
*an,i
*ani,k
*anik,s
*aniks,o
*anikso,s
*aniksos,a
*aniksosa,u
*aniksosau,r
*aniksosaur,u
*aniksosauru,s
*aniksosaurus,$
*,a
*a,n
*an,i
*ani,m
*anim,a
*anima,n
*animan,t
*animant,a
*animanta,r
*animantar,x
*animantarx,$
*,a
*a,n
*an,k
*ank,i
*anki,s
*ankis,t
*ankist,r
*ankistr,o
*ankistro,d
*ankistrod,o
*ankistrodo,n
*ankistrodon,$
*,a
*a,n
*an,k
*ank,y
*anky,l
*ankyl,o
*ankylo,s
*ankylos,a
*ankylosa,u
*ankylosau,r
*ankylosaur,u
*ankylosauru,s
*ankylosaurus,$
*,a
*a,n
*an,o
*ano,d
*anod,o
*anodo,n
*anodon,t
*anodont,o
*anodonto,s
*anodontos,a
*anodontosa,u
*anodontosau,r
*anodontosaur,u
*anodontosauru,s
*anodontosaurus,$
*,a
*a,n
*an,o
*ano,p
*anop,l
*anopl,o
*anoplo,s
*anoplos,a
*anoplosa,u
*anoplosau,r
*anoplosaur,u
*anoplosauru,s
*anoplosaurus,$
*,a
*a,n
*an,s
*ans,e
*anse,r
*anser,i
*anseri,m
*anserim,i
*anserimi,m
*anserimim,u
*anserimimu,s
*anserimimus,$
*,a
*a,n
*an,t
*ant,a
*anta,r
*antar,c
*antarc,t
*antarct,o
*antarcto,p
*antarctop,e
*antarctope,l
*antarctopel,t
*antarctopelt,a
*antarctopelta,$
*,a
*a,n
*an,t
*ant,a
*anta,r
*antar,c
*antarc,t
*antarct,o
*antarcto,s
*antarctos,a
*antarctosa,u
*antarctosau,r
*antarctosaur,u
*antarctosauru,s
*antarctosaurus,$
*,a
*a,n
*an,t
*ant,e
*ante,t
*antet,o
*anteto,n
*anteton,i
*antetoni,t
*antetonit,r
*antetonitr,u
*antetonitru,s
*antetonitrus,$
*,a
*a,n
*an,t
*ant,h
*anth,o
*antho,d
*anthod,o
*anthodo,n
*anthodon,$
*,a
*a,n
*an,t
*ant,r
*antr,o
*antro,d
*antrod,e
*antrode,m
*antrodem,u
*antrodemu,s
*antrodemus,$
*,a
*a,n
*an,z
*anz,u
*anzu,$
*,a
*a,o
*ao,n
*aon,i
*aoni,r
*aonir,a
*aonira,p
*aonirap,t
*aonirapt,o
*aonirapto,r
*aoniraptor,$
*,a
*a,o
*ao,r
*aor,u
*aoru,n
*aorun,$
*,a
*a,p
*ap,a
*apa,t
*apat,o
*apato,d
*apatod,o
*apatodo,n
*apatodon,$
*,a
*a,p
*ap,a
*apa,t
*apat,o
*apato,r
*apator,a
*apatora,p
*apatorap,t
*apatorapt,o
*apatorapto,r
*apatoraptor,$
*,a
*a,p
*ap,a
*apa,t
*apat,o
*apato,s
*apatos,a
*apatosa,u
*apatosau,r
*apatosaur,u
*apatosauru,s
*apatosaurus,$
*,a
*a,p
*ap,p
*app,a
*appa,l
*appal,a
*appala,c
*appalac,h
*appalach,i
*appalachi,o
*appalachio,s
*appalachios,a
*appalachiosa,u
*appalachiosau,r
*appalachiosaur,u
*appalachiosauru,s
*appalachiosaurus,$
*,a
*a,q
*aq,u
*aqu,i
*aqui,l
*aquil,o
*aquilo,p
*aquilop,s
*aquilops,$
*,a
*a,r
*ar,a
*ara,g
*arag,o
*arago,s
*aragos,a
*aragosa,u
*aragosau,r
*aragosaur,u
*aragosauru,s
*aragosaurus,$
*,a
*a,r
*ar,a
*ara,l
*aral,o
*aralo,s
*aralos,a
*aralosa,u
*aralosau,r
*aralosaur,u
*aralosauru,s
*aralosaurus,$
*,a
*a,r
*ar,a
*ara,u
*arau,c
*arauc,a
*arauca,n
*araucan,o
*araucano,r
*araucanor,a
*araucanora,p
*araucanorap,t
*araucanorapt,o
*araucanorapto,r
*araucanoraptor,$
*,a
*a,r
*ar,c
*arc,h
*arch,a
*archa,e
*archae,o
*archaeo,c
*archaeoc,e
*archaeoce,r
*archaeocer,a
*archaeocera,t
*archaeocerat,o
*archaeocerato,p
*archaeoceratop,s
*archaeoceratops,$
*,a
*a,r
*ar,c
*arc,h
*arch,a
*archa,e
*archae,o
*archaeo,d
*archaeod,o
*archaeodo,n
*archaeodon,t
*archaeodont,o
*archaeodonto,s
*archaeodontos,a
*archaeodontosa,u
*archaeodontosau,r
*archaeodontosaur,u
*archaeodontosauru,s
*archaeodontosaurus,$
*,a
*a,r
*ar,c
*arc,h
*arch,a
*archa,e
*archae,o
*archaeo,p
*archaeop,t
*archaeopt,e
*archaeopte,r
*archaeopter,y
*archaeoptery,x
*archaeopteryx,$
*,a
*a,r
*ar,c
*arc,h
*arch,a
*archa,e
*archae,o
*archaeo,r
*archaeor,a
*archaeora,p
*archaeorap,t
*archaeorapt,o
*archaeorapto,r
*archaeoraptor,$
*,a
*a,r
*ar,c
*arc,h
*arch,a
*archa,e
*archae,o
*archaeo,r
*archaeor,n
*archaeorn,i
*archaeorni,s
*archaeornis,$
*,a
*a,r
*ar,c
*arc,h
*arch,a
*archa,e
*archae,o
*archaeo,r
*archaeor,n
*archaeorn,i
*archaeorni,t
*archaeornit,h
*archaeornith,o
*archaeornitho,i
*archaeornithoi,d
*archaeornithoid,e
*archaeornithoide,s
*archaeornithoides,$
*,a
*a,r
*ar,c
*arc,h
*arch,a
*archa,e
*archae,o
*archaeo,r
*archaeor,n
*archaeorn,i
*archaeorni,t
*archaeornit,h
*archaeornith,o
*archaeornitho,m
*archaeornithom,i
*archaeornithomi,m
*archaeornithomim,u
*archaeornithomimu,s
*archaeornithomimus,$
*,a
*a,r
*ar,c
*arc,o
*arco,v
*arcov,e
*arcove,n
*arcoven,a
*arcovena,t
*arcovenat,o
*arcovenato,r
*arcovenator,$
*,a
*a,r
*ar,c
*arc,t
*arct,o
*arcto,s
*arctos,a
*arctosa,u
*arctosau,r
*arctosaur,u
*arctosauru,s
*arctosaurus,$
*,a
*a,r
*ar,c
*arc,u
*arcu,s
*arcus,a
*arcusa,u
*arcusau,r
*arcusaur,u
*arcusauru,s
*arcusaurus,$
*,a
*a,r
*ar,e
*are,n
*aren,y
*areny,s
*arenys,a
*arenysa,u
*arenysau,r
*arenysaur,u
*arenysauru,s
*arenysaurus,$
*,a
*a,r
*ar,g
*arg,e
*arge,n
*argen,t
*argent,i
*argenti,n
*argentin,o
*argentino,s
*argentinos,a
*argentinosa,u
*argentinosau,r
*argentinosaur,u
*argentinosauru,s
*argentinosaurus,$
*,a
*a,r
*ar,g
*arg,y
*argy,r
*argyr,o
*argyro,s
*argyros,a
*argyrosa,u
*argyrosau,r
*argyrosaur,u
*argyrosauru,s
*argyrosaurus,$
*,a
*a,r
*ar,i
*ari,s
*aris,t
*arist,o
*aristo,s
*aristos,a
*aristosa,u
*aristosau,r
*aristosaur,u
*aristosauru,s
*aristosaurus,$
*,a
*a,r
*ar,i
*ari,s
*aris,t
*arist,o
*aristo,s
*aristos,u
*aristosu,c
*aristosuc,h
*aristosuch,u
*aristosuchu,s
*aristosuchus,$
*,a
*a,r
*ar,i
*ari,z
*ariz,o
*arizo,n
*arizon,a
*arizona,s
*arizonas,a
*arizonasa,u
*arizonasau,r
*arizonasaur,u
*arizonasauru,s
*arizonasaurus,$
*,a
*a,r
*ar,k
*ark,a
*arka,n
*arkan,s
*arkans,a
*arkansa,u
*arkansau,r
*arkansaur,u
*arkansauru,s
*arkansaurus,$
*,a
*a,r
*ar,k
*ark,h
*arkh,a
*arkha,r
*arkhar,a
*arkhara,v
*arkharav,i
*arkharavi,a
*arkharavia,$
*,a
*a,r
*ar,r
*arr,h
*arrh,i
*arrhi,n
*arrhin,o
*arrhino,c
*arrhinoc,e
*arrhinoce,r
*arrhinocer,a
*arrhinocera,t
*arrhinocerat,o
*arrhinocerato,p
*arrhinoceratop,s
*arrhinoceratops,$
*,a
*a,r
*ar,s
*ars,t
*arst,a
*arsta,n
*arstan,o
*arstano,s
*arstanos,a
*arstanosa,u
*arstanosau,r
*arstanosaur,u
*arstanosauru,s
*arstanosaurus,$
*,a
*a,s
*as,i
*asi,a
*asia,c
*asiac,e
*asiace,r
*asiacer,a
*asiacera,t
*asiacerat,o
*asiacerato,p
*asiaceratop,s
*asiaceratops,$
*,a
*a,s
*as,i
*asi,a
*asia,m
*asiam,e
*asiame,r
*asiamer,i
*asiameri,c
*asiameric,a
*asiamerica,n
*asiamerican,a
*asiamericana,$
*,a
*a,s
*as,i
*asi,a
*asia,t
*asiat,o
*asiato,s
*asiatos,a
*asiatosa,u
*asiatosau,r
*asiatosaur,u
*asiatosauru,s
*asiatosaurus,$
*,a
*a,s
*as,t
*ast,r
*astr,o
*astro,d
*astrod,o
*astrodo,n
*astrodon,$
*,a
*a,s
*as,t
*ast,r
*astr,o
*astro,d
*astrod,o
*astrodo,n
*astrodon,i
*astrodoni,u
*astrodoniu,s
*astrodonius,$
*,a
*a,s
*as,t
*ast,r
*astr,o
*astro,d
*astrod,o
*astrodo,n
*astrodon,t
*astrodont,a
*astrodonta,u
*astrodontau,r
*astrodontaur,u
*astrodontauru,s
*astrodontaurus,$
*,a
*a,s
*as,t
*ast,r
*astr,o
*astro,p
*astrop,h
*astroph,o
*astropho,c
*astrophoc,a
*astrophoca,u
*astrophocau,d
*astrophocaud,i
*astrophocaudi,a
*astrophocaudia,$
*,a
*a,s
*as,y
*asy,l
*asyl,o
*asylo,s
*asylos,a
*asylosa,u
*asylosau,r
*asylosaur,u
*asylosauru,s
*asylosaurus,$
*,a
*a,t
*at,a
*ata,c
*atac,a
*ataca,m
*atacam,a
*atacama,t
*atacamat,i
*atacamati,t
*atacamatit,a
*atacamatita,n
*atacamatitan,$
*,a
*a,t
*at,l
*atl,a
*atla,n
*atlan,t
*atlant,o
*atlanto,s
*atlantos,a
*atlantosa,u
*atlantosau,r
*atlantosaur,u
*atlantosauru,s
*atlantosaurus,$
*,a
*a,t
*at,l
*atl,a
*atla,s
*atlas,a
*atlasa,u
*atlasau,r
*atlasaur,u
*atlasauru,s
*atlasaurus,$
*,a
*a,t
*at,l
*atl,a
*atla,s
*atlas,c
*atlasc,o
*atlasco,p
*atlascop,c
*atlascopc,o
*atlascopco,s
*atlascopcos,a
*atlascopcosa,u
*atlascopcosau,r
*atlascopcosaur,u
*atlascopcosauru,s
*atlascopcosaurus,$
*,a
*a,t
*at,r
*atr,o
*atro,c
*atroc,i
*atroci,r
*atrocir,a
*atrocira,p
*atrocirap,t
*atrocirapt,o
*atrocirapto,r
*atrociraptor,$
*,a
*a,t
*at,s
*ats,i
*atsi,n
*atsin,g
*atsing,a
*atsinga,n
*atsingan,o
*atsingano,s
*atsinganos,a
*atsinganosa,u
*atsinganosau,r
*atsinganosaur,u
*atsinganosauru,s
*atsinganosaurus,$
*,a
*a,u
*au,b
*aub,l
*aubl,y
*aubly,s
*aublys,o
*aublyso,d
*aublysod,o
*aublysodo,n
*aublysodon,$
*,a
*a,u
*au,c
*auc,a
*auca,s
*aucas,a
*aucasa,u
*aucasau,r
*aucasaur,u
*aucasauru,s
*aucasaurus,$
*,a
*a,u
*au,g
*aug,u
*augu,s
*augus,t
*august,i
*augusti,a
*augustia,$
*,a
*a,u
*au,g
*aug,u
*augu,s
*augus,t
*august,y
*augusty,n
*augustyn,o
*augustyno,l
*augustynol,o
*augustynolo,p
*augustynolop,h
*augustynoloph,u
*augustynolophu,s
*augustynolophus,$
*,a
*a,u
*au,r
*aur,o
*auro,r
*auror,a
*aurora,c
*aurorac,e
*aurorace,r
*auroracer,a
*auroracera,t
*auroracerat,o
*auroracerato,p
*auroraceratop,s
*auroraceratops,$
*,a
*a,u
*au,r
*aur,o
*auro,r
*auror,n
*aurorn,i
*aurorni,s
*aurornis,$
*,a
*a,u
*au,s
*aus,t
*aust,r
*austr,a
*austra,l
*austral,o
*australo,d
*australod,o
*australodo,c
*australodoc,u
*australodocu,s
*australodocus,$
*,a
*a,u
*au,s
*aus,t
*aust,r
*austr,a
*austra,l
*austral,o
*australo,v
*australov,e
*australove,n
*australoven,a
*australovena,t
*australovenat,o
*australovenato,r
*australovenator,$
*,a
*a,u
*au,s
*aus,t
*aust,r
*austr,o
*austro,c
*austroc,h
*austroch,e
*austroche,i
*austrochei,r
*austrocheir,u
*austrocheiru,s
*austrocheirus,$
*,a
*a,u
*au,s
*aus,t
*aust,r
*austr,o
*austro,p
*austrop,o
*austropo,s
*austropos,e
*austropose,i
*austroposei,d
*austroposeid,o
*austroposeido,n
*austroposeidon,$
*,a
*a,u
*au,s
*aus,t
*aust,r
*austr,o
*austro,r
*austror,a
*austrora,p
*austrorap,t
*austrorapt,o
*austrorapto,r
*austroraptor,$
*,a
*a,u
*au,s
*aus,t
*aust,r
*austr,o
*austro,s
*austros,a
*austrosa,u
*austrosau,r
*austrosaur,u
*austrosauru,s
*austrosaurus,$
*,a
*a,v
*av,a
*ava,c
*avac,e
*avace,r
*avacer,a
*avacera,t
*avacerat,o
*avacerato,p
*avaceratop,s
*avaceratops,$
*,a
*a,v
*av,a
*ava,l
*aval,o
*avalo,n
*avalon,i
*avaloni,a
*avalonia,$
*,a
*a,v
*av,a
*ava,l
*aval,o
*avalo,n
*avalon,i
*avaloni,a
*avalonia,n
*avalonian,u
*avalonianu,s
*avalonianus,$
*,a
*a,v
*av,i
*avi,a
*avia,t
*aviat,y
*aviaty,r
*aviatyr,a
*aviatyra,n
*aviatyran,n
*aviatyrann,i
*aviatyranni,s
*aviatyrannis,$
*,a
*a,v
*av,i
*avi,m
*avim,i
*avimi,m
*avimim,u
*avimimu,s
*avimimus,$
*,a
*a,v
*av,i
*avi,s
*avis,a
*avisa,u
*avisau,r
*avisaur,u
*avisauru,s
*avisaurus,$
*,a
*a,v
*av,i
*avi,p
*avip,e
*avipe,s
*avipes,$
*,a
*a,z
*az,e
*aze,n
*azen,d
*azend,o
*azendo,h
*azendoh,s
*azendohs,a
*azendohsa,u
*azendohsau,r
*azendohsaur,u
*azendohsauru,s
*azendohsaurus,$
*,b
*b,a
*ba,c
*bac,t
*bact,r
*bactr,o
*bactro,s
*bactros,a
*bactrosa,u
*bactrosau,r
*bactrosaur,u
*bactrosauru,s
*bactrosaurus,$
*,b
*b,a
*ba,g
*bag,a
*baga,c
*bagac,e
*bagace,r
*bagacer,a
*bagacera,t
*bagacerat,o
*bagacerato,p
*bagaceratop,s
*bagaceratops,$
*,b
*b,a
*ba,g
*bag,a
*baga,r
*bagar,a
*bagara,a
*bagaraa,t
*bagaraat,a
*bagaraata,n
*bagaraatan,$
*,b
*b,a
*ba,h
*bah,a
*baha,r
*bahar,i
*bahari,a
*baharia,s
*baharias,a
*bahariasa,u
*bahariasau,r
*bahariasaur,u
*bahariasauru,s
*bahariasaurus,$
*,b
*b,a
*ba,i
*bai,n
*bain,o
*baino,c
*bainoc,e
*bainoce,r
*bainocer,a
*bainocera,t
*bainocerat,o
*bainocerato,p
*bainoceratop,s
*bainoceratops,$
*,b
*b,a
*ba,k
*bak,e
*bake,s
*bakes,a
*bakesa,u
*bakesau,r
*bakesaur,u
*bakesauru,s
*bakesaurus,$
*,b
*b,a
*ba,l
*bal,a
*bala,u
*balau,r
*balaur,$
*,b
*b,a
*ba,l
*bal,o
*balo,c
*baloc,h
*baloch,i
*balochi,s
*balochis,a
*balochisa,u
*balochisau,r
*balochisaur,u
*balochisauru,s
*balochisaurus,$
*,b
*b,a
*ba,m
*bam,b
*bamb,i
*bambi,r
*bambir,a
*bambira,p
*bambirap,t
*bambirapt,o
*bambirapto,r
*bambiraptor,$
*,b
*b,a
*ba,n
*ban,j
*banj,i
*banji,$
*,b
*b,a
*ba,o
*bao,t
*baot,i
*baoti,a
*baotia,n
*baotian,m
*baotianm,a
*baotianma,n
*baotianman,s
*baotianmans,a
*baotianmansa,u
*baotianmansau,r
*baotianmansaur,u
*baotianmansauru,s
*baotianmansaurus,$
*,b
*b,a
*ba,r
*bar,a
*bara,p
*barap,a
*barapa,s
*barapas,a
*barapasa,u
*barapasau,r
*barapasaur,u
*barapasauru,s
*barapasaurus,$
*,b
*b,a
*ba,r
*bar,i
*bari,l
*baril,i
*barili,u
*bariliu,m
*barilium,$
*,b
*b,a
*ba,r
*bar,o
*baro,s
*baros,a
*barosa,u
*barosau,r
*barosaur,u
*barosauru,s
*barosaurus,$
*,b
*b,a
*ba,r
*bar,r
*barr,o
*barro,s
*barros,a
*barrosa,s
*barrosas,a
*barrosasa,u
*barrosasau,r
*barrosasaur,u
*barrosasauru,s
*barrosasaurus,$
*,b
*b,a
*ba,r
*bar,s
*bars,b
*barsb,o
*barsbo,l
*barsbol,d
*barsbold,i
*barsboldi,a
*barsboldia,$
*,b
*b,a
*ba,r
*bar,y
*bary,o
*baryo,n
*baryon,y
*baryony,x
*baryonyx,$
*,b
*b,a
*ba,s
*bas,h
*bash,u
*bashu,n
*bashun,o
*bashuno,s
*bashunos,a
*bashunosa,u
*bashunosau,r
*bashunosaur,u
*bashunosauru,s
*bashunosaurus,$
*,b
*b,a
*ba,s
*bas,u
*basu,t
*basut,o
*basuto,d
*basutod,o
*basutodo,n
*basutodon,$
*,b
*b,a
*ba,t
*bat,h
*bath,y
*bathy,g
*bathyg,n
*bathygn,a
*bathygna,t
*bathygnat,h
*bathygnath,u
*bathygnathu,s
*bathygnathus,$
*,b
*b,a
*ba,t
*bat,y
*baty,r
*batyr,o
*batyro,s
*batyros,a
*batyrosa,u
*batyrosau,r
*batyrosaur,u
*batyrosauru,s
*batyrosaurus,$
*,b
*b,a
*ba,u
*bau,r
*baur,u
*bauru,t
*baurut,i
*bauruti,t
*baurutit,a
*baurutita,n
*baurutitan,$
*,b
*b,a
*ba,y
*bay,o
*bayo,s
*bayos,a
*bayosa,u
*bayosau,r
*bayosaur,u
*bayosauru,s
*bayosaurus,$
*,b
*b,e
*be,c
*bec,k
*beck,l
*beckl,e
*beckle,s
*beckles,p
*becklesp,i
*becklespi,n
*becklespin,a
*becklespina,x
*becklespinax,$
*,b
*b,e
*be,e
*bee,l
*beel,e
*beele,m
*beelem,o
*beelemo,d
*beelemod,o
*beelemodo,n
*beelemodon,$
*,b
*b,e
*be,i
*bei,b
*beib,e
*beibe,i
*beibei,l
*beibeil,o
*beibeilo,n
*beibeilon,g
*beibeilong,$
*,b
*b,e
*be,i
*bei,p
*beip,i
*beipi,a
*beipia,o
*beipiao,g
*beipiaog,n
*beipiaogn,a
*beipiaogna,t
*beipiaognat,h
*beipiaognath,u
*beipiaognathu,s
*beipiaognathus,$
*,b
*b,e
*be,i
*bei,p
*beip,i
*beipi,a
*beipia,o
*beipiao,s
*beipiaos,a
*beipiaosa,u
*beipiaosau,r
*beipiaosaur,u
*beipiaosauru,s
*beipiaosaurus,$
*,b
*b,e
*be,i
*bei,s
*beis,h
*beish,a
*beisha,n
*beishan,l
*beishanl,o
*beishanlo,n
*beishanlon,g
*beishanlong,$
*,b
*b,e
*be,l
*bel,l
*bell,u
*bellu,s
*bellus,a
*bellusa,u
*bellusau,r
*bellusaur,u
*bellusauru,s
*bellusaurus,$
*,b
*b,e
*be,l
*bel,o
*belo,d
*belod,o
*belodo,n
*belodon,$
*,b
*b,e
*be,r
*ber,b
*berb,e
*berbe,r
*berber,o
*berbero,s
*berberos,a
*berberosa,u
*berberosau,r
*berberosaur,u
*berberosauru,s
*berberosaurus,$
*,b
*b,e
*be,t
*bet,a
*beta,s
*betas,u
*betasu,c
*betasuc,h
*betasuch,u
*betasuchu,s
*betasuchus,$
*,b
*b,i
*bi,c
*bic,e
*bice,n
*bicen,t
*bicent,e
*bicente,n
*bicenten,a
*bicentena,r
*bicentenar,i
*bicentenari,a
*bicentenaria,$
*,b
*b,i
*bi,e
*bie,n
*bien,o
*bieno,s
*bienos,a
*bienosa,u
*bienosau,r
*bienosaur,u
*bienosauru,s
*bienosaurus,$
*,b
*b,i
*bi,h
*bih,a
*biha,r
*bihar,i
*bihari,o
*bihario,s
*biharios,a
*bihariosa,u
*bihariosau,r
*bihariosaur,u
*bihariosauru,s
*bihariosaurus,$
*,b
*b,i
*bi,l
*bil,b
*bilb,e
*bilbe,y
*bilbey,h
*bilbeyh,a
*bilbeyha,l
*bilbeyhal,l
*bilbeyhall,o
*bilbeyhallo,r
*bilbeyhallor,u
*bilbeyhalloru,m
*bilbeyhallorum,$
*,b
*b,i
*bi,s
*bis,s
*biss,e
*bisse,k
*bissek,t
*bissekt,i
*bissekti,p
*bissektip,e
*bissektipe,l
*bissektipel,t
*bissektipelt,a
*bissektipelta,$
*,b
*b,i
*bi,s
*bis,t
*bist,a
*bista,h
*bistah,i
*bistahi,e
*bistahie,v
*bistahiev,e
*bistahieve,r
*bistahiever,s
*bistahievers,o
*bistahieverso,r
*bistahieversor,$
*,b
*b,l
*bl,a
*bla,n
*blan,c
*blanc,o
*blanco,c
*blancoc,e
*blancoce,r
*blancocer,o
*blancocero,s
*blancoceros,a
*blancocerosa,u
*blancocerosau,r
*blancocerosaur,u
*blancocerosauru,s
*blancocerosaurus,$
*,b
*b,l
*bl,a
*bla,s
*blas,i
*blasi,s
*blasis,a
*blasisa,u
*blasisau,r
*blasisaur,u
*blasisauru,s
*blasisaurus,$
*,b
*b,l
*bl,i
*bli,k
*blik,a
*blika,n
*blikan,a
*blikana,s
*blikanas,a
*blikanasa,u
*blikanasau,r
*blikanasaur,u
*blikanasauru,s
*blikanasaurus,$
*,b
*b,o
*bo,l
*bol,o
*bolo,n
*bolon,g
*bolong,$
*,b
*b,o
*bo,n
*bon,a
*bona,p
*bonap,a
*bonapa,r
*bonapar,t
*bonapart,e
*bonaparte,n
*bonaparten,y
*bonaparteny,k
*bonapartenyk,u
*bonapartenyku,s
*bonapartenykus,$
*,b
*b,o
*bo,n
*bon,a
*bona,p
*bonap,a
*bonapa,r
*bonapar,t
*bonapart,e
*bonaparte,s
*bonapartes,a
*bonapartesa,u
*bonapartesau,r
*bonapartesaur,u
*bonapartesauru,s
*bonapartesaurus,$
*,b
*b,o
*bo,n
*bon,a
*bona,t
*bonat,i
*bonati,t
*bonatit,a
*bonatita,n
*bonatitan,$
*,b
*b,o
*bo,n
*bon,i
*boni,t
*bonit,a
*bonita,s
*bonitas,a
*bonitasa,u
*bonitasau,r
*bonitasaur,a
*bonitasaura,$
*,b
*b,o
*bo,r
*bor,e
*bore,a
*borea,l
*boreal,o
*borealo,p
*borealop,e
*borealope,l
*borealopel,t
*borealopelt,a
*borealopelta,$
*,b
*b,o
*bo,r
*bor,e
*bore,a
*borea,l
*boreal,o
*borealo,s
*borealos,a
*borealosa,u
*borealosau,r
*borealosaur,u
*borealosauru,s
*borealosaurus,$
*,b
*b,o
*bo,r
*bor,e
*bore,o
*boreo,n
*boreon,y
*boreony,k
*boreonyk,u
*boreonyku,s
*boreonykus,$
*,b
*b,o
*bo,r
*bor,o
*boro,g
*borog,o
*borogo,v
*borogov,i
*borogovi,a
*borogovia,$
*,b
*b,o
*bo,t
*bot,h
*both,r
*bothr,i
*bothri,o
*bothrio,s
*bothrios,p
*bothriosp,o
*bothriospo,n
*bothriospon,d
*bothriospond,y
*bothriospondy,l
*bothriospondyl,u
*bothriospondylu,s
*bothriospondylus,$
*,b
*b,r
*br,a
*bra,c
*brac,h
*brach,i
*brachi,o
*brachio,s
*brachios,a
*brachiosa,u
*brachiosau,r
*brachiosaur,u
*brachiosauru,s
*brachiosaurus,$
*,b
*b,r
*br,a
*bra,c
*brac,h
*brach,y
*brachy,c
*brachyc,e
*brachyce,r
*brachycer,a
*brachycera,t
*brachycerat,o
*brachycerato,p
*brachyceratop,s
*brachyceratops,$
*,b
*b,r
*br,a
*bra,c
*brac,h
*brach,y
*brachy,l
*brachyl,o
*brachylo,p
*brachylop,h
*brachyloph,o
*brachylopho,s
*brachylophos,a
*brachylophosa,u
*brachylophosau,r
*brachylophosaur,u
*brachylophosauru,s
*brachylophosaurus,$
*,b
*b,r
*br,a
*bra,c
*brac,h
*brach,y
*brachy,p
*brachyp,o
*brachypo,d
*brachypod,o
*brachypodo,s
*brachypodos,a
*brachypodosa,u
*brachypodosau,r
*brachypodosaur,u
*brachypodosauru,s
*brachypodosaurus,$
*,b
*b,r
*br,a
*bra,c
*brac,h
*brach,y
*brachy,r
*brachyr,o
*brachyro,p
*brachyrop,h
*brachyroph,u
*brachyrophu,s
*brachyrophus,$
*,b
*b,r
*br,a
*bra,c
*brac,h
*brach,y
*brachy,t
*brachyt,a
*brachyta,e
*brachytae,n
*brachytaen,i
*brachytaeni,u
*brachytaeniu,s
*brachytaenius,$
*,b
*b,r
*br,a
*bra,c
*brac,h
*brach,y
*brachy,t
*brachyt,r
*brachytr,a
*brachytra,c
*brachytrac,h
*brachytrach,e
*brachytrache,l
*brachytrachel,o
*brachytrachelo,p
*brachytrachelop,a
*brachytrachelopa,n
*brachytrachelopan,$
*,b
*b,r
*br,a
*bra,d
*brad,y
*brady,c
*bradyc,n
*bradycn,e
*bradycne,m
*bradycnem,e
*bradycneme,$
*,b
*b,r
*br,a
*bra,s
*bras,i
*brasi,l
*brasil,e
*brasile,o
*brasileo,s
*brasileos,a
*brasileosa,u
*brasileosau,r
*brasileosaur,u
*brasileosauru,s
*brasileosaurus,$
*,b
*b,r
*br,a
*bra,s
*bras,i
*brasi,l
*brasil,o
*brasilo,t
*brasilot,i
*brasiloti,t
*brasilotit,a
*brasilotita,n
*brasilotitan,$
*,b
*b,r
*br,a
*bra,v
*brav,o
*bravo,c
*bravoc,e
*bravoce,r
*bravocer,a
*bravocera,t
*bravocerat,o
*bravocerato,p
*bravoceratop,s
*bravoceratops,$
*,b
*b,r
*br,e
*bre,v
*brev,i
*brevi,c
*brevic,e
*brevice,r
*brevicer,a
*brevicera,t
*brevicerat,o
*brevicerato,p
*breviceratop,s
*breviceratops,$
*,b
*b,r
*br,o
*bro,h
*broh,i
*brohi,s
*brohis,a
*brohisa,u
*brohisau,r
*brohisaur,u
*brohisauru,s
*brohisaurus,$
*,b
*b,r
*br,o
*bro,n
*bron,t
*bront,o
*bronto,m
*brontom,e
*brontome,r
*brontomer,u
*brontomeru,s
*brontomerus,$
*,b
*b,r
*br,o
*bro,n
*bron,t
*bront,o
*bronto,r
*brontor,a
*brontora,p
*brontorap,t
*brontorapt,o
*brontorapto,r
*brontoraptor,$
*,b
*b,r
*br,o
*bro,n
*bron,t
*bront,o
*bronto,s
*brontos,a
*brontosa,u
*brontosau,r
*brontosaur,u
*brontosauru,s
*brontosaurus,$
*,b
*b,r
*br,u
*bru,h
*bruh,a
*bruha,t
*bruhat,h
*bruhath,k
*bruhathk,a
*bruhathka,y
*bruhathkay,o
*bruhathkayo,s
*bruhathkayos,a
*bruhathkayosa,u
*bruhathkayosau,r
*bruhathkayosaur,u
*bruhathkayosauru,s
*bruhathkayosaurus,$
*,b
*b,u
*bu,g
*bug,e
*buge,n
*bugen,a
*bugena,s
*bugenas,a
*bugenasa,u
*bugenasau,r
*bugenasaur,a
*bugenasaura,$
*,b
*b,u
*bu,i
*bui,t
*buit,r
*buitr,e
*buitre,r
*buitrer,a
*buitrera,p
*buitrerap,t
*buitrerapt,o
*buitrerapto,r
*buitreraptor,$
*,b
*b,u
*bu,r
*bur,i
*buri,a
*buria,n
*burian,o
*buriano,s
*burianos,a
*burianosa,u
*burianosau,r
*burianosaur,u
*burianosauru,s
*burianosaurus,$
*,b
*b,u
*bu,r
*bur,i
*buri,o
*burio,l
*buriol,e
*buriole,s
*burioles,t
*buriolest,e
*burioleste,s
*buriolestes,$
*,b
*b,y
*by,r
*byr,a
*byra,n
*byran,j
*byranj,a
*byranja,f
*byranjaf,f
*byranjaff,i
*byranjaffi,a
*byranjaffia,$
*,b
*b,y
*by,r
*byr,o
*byro,n
*byron,o
*byrono,s
*byronos,a
*byronosa,u
*byronosau,r
*byronosaur,u
*byronosauru,s
*byronosaurus,$
*,c
*c,a
*ca,e
*cae,n
*caen,a
*caena,g
*caenag,n
*caenagn,a
*caenagna,t
*caenagnat,h
*caenagnath,a
*caenagnatha,s
*caenagnathas,i
*caenagnathasi,a
*caenagnathasia,$
*,c
*c,a
*ca,e
*cae,n
*caen,a
*caena,g
*caenag,n
*caenagn,a
*caenagna,t
*caenagnat,h
*caenagnath,u
*caenagnathu,s
*caenagnathus,$
*,c
*c,a
*ca,l
*cal,a
*cala,m
*calam,o
*calamo,s
*calamos,a
*calamosa,u
*calamosau,r
*calamosaur,u
*calamosauru,s
*calamosaurus,$
*,c
*c,a
*ca,l
*cal,a
*cala,m
*calam,o
*calamo,s
*calamos,p
*calamosp,o
*calamospo,n
*calamospon,d
*calamospond,y
*calamospondy,l
*calamospondyl,u
*calamospondylu,s
*calamospondylus,$
*,c
*c,a
*ca,l
*cal,a
*cala,m
*calam,o
*calamo,s
*calamos,p
*calamosp,o
*calamospo,n
*calamospon,d
*calamospond,y
*calamospondy,l
*calamospondyl,u
*calamospondylu,s
*calamospondylus,$
*,c
*c,a
*ca,l
*cal,l
*call,o
*callo,v
*callov,o
*callovo,s
*callovos,a
*callovosa,u
*callovosau,r
*callovosaur,u
*callovosauru,s
*callovosaurus,$
*,c
*c,a
*ca,m
*cam,a
*cama,r
*camar,a
*camara,s
*camaras,a
*camarasa,u
*camarasau,r
*camarasaur,u
*camarasauru,s
*camarasaurus,$
*,c
*c,a
*ca,m
*cam,a
*cama,r
*camar,i
*camari,l
*camaril,l
*camarill,a
*camarilla,s
*camarillas,a
*camarillasa,u
*camarillasau,r
*camarillasaur,u
*camarillasauru,s
*camarillasaurus,$
*,c
*c,a
*ca,m
*cam,e
*came,l
*camel,o
*camelo,t
*camelot,i
*cameloti,a
*camelotia,$
*,c
*c,a
*ca,m
*cam,p
*camp,o
*campo,s
*campos,a
*camposa,u
*camposau,r
*camposaur,u
*camposauru,s
*camposaurus,$
*,c
*c,a
*ca,m
*cam,p
*camp,t
*campt,o
*campto,n
*campton,o
*camptono,t
*camptonot,u
*camptonotu,s
*camptonotus,$
*,c
*c,a
*ca,m
*cam,p
*camp,t
*campt,o
*campto,s
*camptos,a
*camptosa,u
*camptosau,r
*camptosaur,u
*camptosauru,s
*camptosaurus,$
*,c
*c,a
*ca,m
*cam,p
*camp,y
*campy,l
*campyl,o
*campylo,d
*campylod,o
*campylodo,n
*campylodon,$
*,c
*c,a
*ca,m
*cam,p
*camp,y
*campy,l
*campyl,o
*campylo,d
*campylod,o
*campylodo,n
*campylodon,i
*campylodoni,s
*campylodonis,c
*campylodonisc,u
*campylodoniscu,s
*campylodoniscus,$
*,c
*c,a
*ca,n
*can,a
*cana,r
*canar,d
*canard,i
*canardi,a
*canardia,$
*,c
*c,a
*ca,p
*cap,i
*capi,t
*capit,a
*capita,l
*capital,s
*capitals,a
*capitalsa,u
*capitalsau,r
*capitalsaur,u
*capitalsauru,s
*capitalsaurus,$
*,c
*c,a
*ca,r
*car,c
*carc,h
*carch,a
*carcha,r
*carchar,o
*carcharo,d
*carcharod,o
*carcharodo,n
*carcharodon,t
*carcharodont,o
*carcharodonto,s
*carcharodontos,a
*carcharodontosa,u
*carcharodontosau,r
*carcharodontosaur,u
*carcharodontosauru,s
*carcharodontosaurus,$
*,c
*c,a
*ca,r
*car,d
*card,i
*cardi,o
*cardio,d
*cardiod,o
*cardiodo,n
*cardiodon,$
*,c
*c,a
*ca,r
*car,n
*carn,o
*carno,t
*carnot,a
*carnota,u
*carnotau,r
*carnotaur,u
*carnotauru,s
*carnotaurus,$
*,c
*c,a
*ca,s
*cas,e
*case,o
*caseo,s
*caseos,a
*caseosa,u
*caseosau,r
*caseosaur,u
*caseosauru,s
*caseosaurus,$
*,c
*c,a
*ca,t
*cat,h
*cath,a
*catha,r
*cathar,t
*cathart,e
*catharte,s
*cathartes,a
*cathartesa,u
*cathartesau,r
*cathartesaur,a
*cathartesaura,$
*,c
*c,a
*ca,t
*cat,h
*cath,e
*cathe,t
*cathet,o
*catheto,s
*cathetos,a
*cathetosa,u
*cathetosau,r
*cathetosaur,u
*cathetosauru,s
*cathetosaurus,$
*,c
*c,a
*ca,u
*cau,d
*caud,i
*caudi,p
*caudip,t
*caudipt,e
*caudipte,r
*caudipter,y
*caudiptery,x
*caudipteryx,$
*,c
*c,a
*ca,u
*cau,d
*caud,o
*caudo,c
*caudoc,o
*caudoco,e
*caudocoe,l
*caudocoel,u
*caudocoelu,s
*caudocoelus,$
*,c
*c,a
*ca,u
*cau,l
*caul,o
*caulo,d
*caulod,o
*caulodo,n
*caulodon,$
*,c
*c,e
*ce,d
*ced,a
*ceda,r
*cedar,o
*cedaro,s
*cedaros,a
*cedarosa,u
*cedarosau,r
*cedarosaur,u
*cedarosauru,s
*cedarosaurus,$
*,c
*c,e
*ce,d
*ced,a
*ceda,r
*cedar,p
*cedarp,e
*cedarpe,l
*cedarpel,t
*cedarpelt,a
*cedarpelta,$
*,c
*c,e
*ce,d
*ced,r
*cedr,o
*cedro,r
*cedror,e
*cedrore,s
*cedrores,t
*cedrorest,e
*cedroreste,s
*cedrorestes,$
*,c
*c,e
*ce,n
*cen,t
*cent,e
*cente,m
*centem,o
*centemo,d
*centemod,o
*centemodo,n
*centemodon,$
*,c
*c,e
*ce,n
*cen,t
*cent,r
*centr,o
*centro,s
*centros,a
*centrosa,u
*centrosau,r
*centrosaur,u
*centrosauru,s
*centrosaurus,$
*,c
*c,e
*ce,r
*cer,a
*cera,s
*ceras,i
*cerasi,n
*cerasin,o
*cerasino,p
*cerasinop,s
*cerasinops,$
*,c
*c,e
*ce,r
*cer,a
*cera,t
*cerat,o
*cerato,n
*ceraton,y
*ceratony,k
*ceratonyk,u
*ceratonyku,s
*ceratonykus,$
*,c
*c,e
*ce,r
*cer,a
*cera,t
*cerat,o
*cerato,p
*ceratop,s
*ceratops,$
*,c
*c,e
*ce,r
*cer,a
*cera,t
*cerat,o
*cerato,s
*ceratos,a
*ceratosa,u
*ceratosau,r
*ceratosaur,u
*ceratosauru,s
*ceratosaurus,$
*,c
*c,e
*ce,t
*cet,i
*ceti,o
*cetio,s
*cetios,a
*cetiosa,u
*cetiosau,r
*cetiosaur,i
*cetiosauri,s
*cetiosauris,c
*cetiosaurisc,u
*cetiosauriscu,s
*cetiosauriscus,$
*,c
*c,e
*ce,t
*cet,i
*ceti,o
*cetio,s
*cetios,a
*cetiosa,u
*cetiosau,r
*cetiosaur,u
*cetiosauru,s
*cetiosaurus,$
*,c
*c,h
*ch,a
*cha,n
*chan,g
*chang,c
*changc,h
*changch,u
*changchu,n
*changchun,s
*changchuns,a
*changchunsa,u
*changchunsau,r
*changchunsaur,u
*changchunsauru,s
*changchunsaurus,$
*,c
*c,h
*ch,a
*cha,n
*chan,g
*chang,d
*changd,u
*changdu,s
*changdus,a
*changdusa,u
*changdusau,r
*changdusaur,u
*changdusauru,s
*changdusaurus,$
*,c
*c,h
*ch,a
*cha,n
*chan,g
*chang,y
*changy,u
*changyu,r
*changyur,a
*changyura,p
*changyurap,t
*changyurapt,o
*changyurapto,r
*changyuraptor,$
*,c
*c,h
*ch,a
*cha,o
*chao,y
*chaoy,a
*chaoya,n
*chaoyan,g
*chaoyang,s
*chaoyangs,a
*chaoyangsa,u
*chaoyangsau,r
*chaoyangsaur,u
*chaoyangsauru,s
*chaoyangsaurus,$
*,c
*c,h
*ch,a
*cha,r
*char,o
*charo,n
*charon,o
*charono,s
*charonos,a
*charonosa,u
*charonosau,r
*charonosaur,u
*charonosauru,s
*charonosaurus,$
*,c
*c,h
*ch,a
*cha,s
*chas,m
*chasm,o
*chasmo,s
*chasmos,a
*chasmosa,u
*chasmosau,r
*chasmosaur,u
*chasmosauru,s
*chasmosaurus,$
*,c
*c,h
*ch,a
*cha,s
*chas,s
*chass,t
*chasst,e
*chasste,r
*chasster,n
*chasstern,b
*chassternb,e
*chassternbe,r
*chassternber,g
*chassternberg,i
*chassternbergi,a
*chassternbergia,$
*,c
*c,h
*ch,e
*che,b
*cheb,s
*chebs,a
*chebsa,u
*chebsau,r
*chebsaur,u
*chebsauru,s
*chebsaurus,$
*,c
*c,h
*ch,e
*che,n
*chen,a
*chena,n
*chenan,i
*chenani,s
*chenanis,a
*chenanisa,u
*chenanisau,r
*chenanisaur,u
*chenanisauru,s
*chenanisaurus,$
*,c
*c,h
*ch,e
*che,n
*chen,e
*chene,o
*cheneo,s
*cheneos,a
*cheneosa,u
*cheneosau,r
*cheneosaur,u
*cheneosauru,s
*cheneosaurus,$
*,c
*c,h
*ch,i
*chi,a
*chia,l
*chial,i
*chiali,n
*chialin,g
*chialing,o
*chialingo,s
*chialingos,a
*chialingosa,u
*chialingosau,r
*chialingosaur,u
*chialingosauru,s
*chialingosaurus,$
*,c
*c,h
*ch,i
*chi,a
*chia,y
*chiay,u
*chiayu,s
*chiayus,a
*chiayusa,u
*chiayusau,r
*chiayusaur,u
*chiayusauru,s
*chiayusaurus,$
*,c
*c,h
*ch,i
*chi,e
*chie,n
*chien,k
*chienk,o
*chienko,s
*chienkos,a
*chienkosa,u
*chienkosau,r
*chienkosaur,u
*chienkosauru,s
*chienkosaurus,$
*,c
*c,h
*ch,i
*chi,h
*chih,u
*chihu,a
*chihua,h
*chihuah,u
*chihuahu,a
*chihuahua,s
*chihuahuas,a
*chihuahuasa,u
*chihuahuasau,r
*chihuahuasaur,u
*chihuahuasauru,s
*chihuahuasaurus,$
*,c
*c,h
*ch,i
*chi,l
*chil,a
*chila,n
*chilan,t
*chilant,a
*chilanta,i
*chilantai,s
*chilantais,a
*chilantaisa,u
*chilantaisau,r
*chilantaisaur,u
*chilantaisauru,s
*chilantaisaurus,$
*,c
*c,h
*ch,i
*chi,l
*chil,e
*chile,s
*chiles,a
*chilesa,u
*chilesau,r
*chilesaur,u
*chilesauru,s
*chilesaurus,$
*,c
*c,h
*ch,i
*chi,n
*chin,d
*chind,e
*chinde,s
*chindes,a
*chindesa,u
*chindesau,r
*chindesaur,u
*chindesauru,s
*chindesaurus,$
*,c
*c,h
*ch,i
*chi,n
*chin,g
*ching,k
*chingk,a
*chingka,n
*chingkan,k
*chingkank,o
*chingkanko,u
*chingkankou,s
*chingkankous,a
*chingkankousa,u
*chingkankousau,r
*chingkankousaur,u
*chingkankousauru,s
*chingkankousaurus,$
*,c
*c,h
*ch,i
*chi,n
*chin,s
*chins,h
*chinsh,a
*chinsha,k
*chinshak,i
*chinshaki,a
*chinshakia,n
*chinshakian,g
*chinshakiang,o
*chinshakiango,s
*chinshakiangos,a
*chinshakiangosa,u
*chinshakiangosau,r
*chinshakiangosaur,u
*chinshakiangosauru,s
*chinshakiangosaurus,$
*,c
*c,h
*ch,i
*chi,r
*chir,o
*chiro,s
*chiros,t
*chirost,e
*chiroste,n
*chirosten,o
*chirosteno,t
*chirostenot,e
*chirostenote,s
*chirostenotes,$
*,c
*c,h
*ch,o
*cho,c
*choc,o
*choco,n
*chocon,s
*chocons,a
*choconsa,u
*choconsau,r
*choconsaur,u
*choconsauru,s
*choconsaurus,$
*,c
*c,h
*ch,o
*cho,n
*chon,d
*chond,r
*chondr,o
*chondro,s
*chondros,t
*chondrost,e
*chondroste,o
*chondrosteo,s
*chondrosteos,a
*chondrosteosa,u
*chondrosteosau,r
*chondrosteosaur,u
*chondrosteosauru,s
*chondrosteosaurus,$
*,c
*c,h
*ch,r
*chr,o
*chro,m
*chrom,o
*chromo,g
*chromog,i
*chromogi,s
*chromogis,a
*chromogisa,u
*chromogisau,r
*chromogisaur,u
*chromogisauru,s
*chromogisaurus,$
*,c
*c,h
*ch,u
*chu,a
*chua,n
*chuan,d
*chuand,o
*chuando,n
*chuandon,g
*chuandong,o
*chuandongo,c
*chuandongoc,o
*chuandongoco,e
*chuandongocoe,l
*chuandongocoel,u
*chuandongocoelu,r
*chuandongocoelur,u
*chuandongocoeluru,s
*chuandongocoelurus,$
*,c
*c,h
*ch,u
*chu,a
*chua,n
*chuan,j
*chuanj,i
*chuanji,e
*chuanjie,s
*chuanjies,a
*chuanjiesa,u
*chuanjiesau,r
*chuanjiesaur,u
*chuanjiesauru,s
*chuanjiesaurus,$
*,c
*c,h
*ch,u
*chu,a
*chua,n
*chuan,q
*chuanq,i
*chuanqi,l
*chuanqil,o
*chuanqilo,n
*chuanqilon,g
*chuanqilong,$
*,c
*c,h
*ch,u
*chu,b
*chub,u
*chubu,t
*chubut,i
*chubuti,s
*chubutis,a
*chubutisa,u
*chubutisau,r
*chubutisaur,u
*chubutisauru,s
*chubutisaurus,$
*,c
*c,h
*ch,u
*chu,n
*chun,g
*chung,k
*chungk,i
*chungki,n
*chungkin,g
*chungking,o
*chungkingo,s
*chungkingos,a
*chungkingosa,u
*chungkingosau,r
*chungkingosaur,u
*chungkingosauru,s
*chungkingosaurus,$
*,c
*c,h
*ch,u
*chu,x
*chux,i
*chuxi,o
*chuxio,n
*chuxion,g
*chuxiong,o
*chuxiongo,s
*chuxiongos,a
*chuxiongosa,u
*chuxiongosau,r
*chuxiongosaur,u
*chuxiongosauru,s
*chuxiongosaurus,$
*,c
*c,i
*ci,n
*cin,i
*cini,z
*ciniz,a
*ciniza,s
*cinizas,a
*cinizasa,u
*cinizasau,r
*cinizasaur,u
*cinizasauru,s
*cinizasaurus,$
*,c
*c,i
*ci,o
*cio,n
*cion,o
*ciono,d
*cionod,o
*cionodo,n
*cionodon,$
*,c
*c,i
*ci,t
*cit,i
*citi,p
*citip,a
*citipa,t
*citipat,i
*citipati,$
*,c
*c,l
*cl,a
*cla,d
*clad,e
*clade,i
*cladei,o
*cladeio,d
*cladeiod,o
*cladeiodo,n
*cladeiodon,$
*,c
*c,l
*cl,a
*cla,o
*clao,r
*claor,h
*claorh,y
*claorhy,n
*claorhyn,c
*claorhync,h
*claorhynch,u
*claorhynchu,s
*claorhynchus,$
*,c
*c,l
*cl,a
*cla,o
*clao,s
*claos,a
*claosa,u
*claosau,r
*claosaur,u
*claosauru,s
*claosaurus,$
*,c
*c,l
*cl,a
*cla,r
*clar,e
*clare,n
*claren,c
*clarenc,e
*clarence,a
*clarencea,$
*,c
*c,l
*cl,a
*cla,s
*clas,m
*clasm,o
*clasmo,d
*clasmod,o
*clasmodo,s
*clasmodos,a
*clasmodosa,u
*clasmodosau,r
*clasmodosaur,u
*clasmodosauru,s
*clasmodosaurus,$
*,c
*c,l
*cl,e
*cle,p
*clep,s
*cleps,y
*clepsy,s
*clepsys,a
*clepsysa,u
*clepsysau,r
*clepsysaur,u
*clepsysauru,s
*clepsysaurus,$
*,c
*c,o
*co,a
*coa,h
*coah,u
*coahu,i
*coahui,l
*coahuil,a
*coahuila,c
*coahuilac,e
*coahuilace,r
*coahuilacer,a
*coahuilacera,t
*coahuilacerat,o
*coahuilacerato,p
*coahuilaceratop,s
*coahuilaceratops,$
*,c
*c,o
*co,e
*coe,l
*coel,o
*coelo,p
*coelop,h
*coeloph,y
*coelophy,s
*coelophys,i
*coelophysi,s
*coelophysis,$
*,c
*c,o
*co,e
*coe,l
*coel,o
*coelo,s
*coelos,a
*coelosa,u
*coelosau,r
*coelosaur,u
*coelosauru,s
*coelosaurus,$
*,c
*c,o
*co,e
*coe,l
*coel,u
*coelu,r
*coelur,o
*coeluro,i
*coeluroi,d
*coeluroid,e
*coeluroide,s
*coeluroides,$
*,c
*c,o
*co,e
*coe,l
*coel,u
*coelu,r
*coelur,o
*coeluro,s
*coeluros,a
*coelurosa,u
*coelurosau,r
*coelurosaur,a
*coelurosaura,v
*coelurosaurav,u
*coelurosauravu,s
*coelurosauravus,$
*,c
*c,o
*co,e
*coe,l
*coel,u
*coelu,r
*coelur,u
*coeluru,s
*coelurus,$
*,c
*c,o
*co,l
*col,e
*cole,p
*colep,i
*colepi,o
*colepio,c
*colepioc,e
*colepioce,p
*colepiocep,h
*colepioceph,a
*colepiocepha,l
*colepiocephal,e
*colepiocephale,$
*,c
*c,o
*co,l
*col,o
*colo,r
*color,a
*colora,d
*colorad,i
*coloradi,a
*coloradia,$
*,c
*c,o
*co,l
*col,o
*colo,r
*color,a
*colora,d
*colorad,i
*coloradi,s
*coloradis,a
*coloradisa,u
*coloradisau,r
*coloradisaur,u
*coloradisauru,s
*coloradisaurus,$
*,c
*c,o
*co,l
*col,o
*colo,s
*colos,s
*coloss,o
*colosso,s
*colossos,a
*colossosa,u
*colossosau,r
*colossosaur,u
*colossosauru,s
*colossosaurus,$
*,c
*c,o
*co,m
*com,a
*coma,h
*comah,u
*comahu,e
*comahue,s
*comahues,a
*comahuesa,u
*comahuesau,r
*comahuesaur,u
*comahuesauru,s
*comahuesaurus,$
*,c
*c,o
*co,m
*com,a
*coma,n
*coman,c
*comanc,h
*comanch,e
*comanche,s
*comanches,a
*comanchesa,u
*comanchesau,r
*comanchesaur,u
*comanchesauru,s
*comanchesaurus,$
*,c
*c,o
*co,m
*com,p
*comp,s
*comps,o
*compso,g
*compsog,n
*compsogn,a
*compsogna,t
*compsognat,h
*compsognath,u
*compsognathu,s
*compsognathus,$
*,c
*c,o
*co,m
*com,p
*comp,s
*comps,o
*compso,s
*compsos,u
*compsosu,c
*compsosuc,h
*compsosuch,u
*compsosuchu,s
*compsosuchus,$
*,c
*c,o
*co,n
*con,c
*conc,a
*conca,v
*concav,e
*concave,n
*concaven,a
*concavena,t
*concavenat,o
*concavenato,r
*concavenator,$
*,c
*c,o
*co,n
*con,c
*conc,h
*conch,o
*concho,r
*conchor,a
*conchora,p
*conchorap,t
*conchorapt,o
*conchorapto,r
*conchoraptor,$
*,c
*c,o
*co,n
*con,d
*cond,o
*condo,r
*condor,r
*condorr,a
*condorra,p
*condorrap,t
*condorrapt,o
*condorrapto,r
*condorraptor,$
*,c
*c,o
*co,r
*cor,o
*coro,n
*coron,o
*corono,s
*coronos,a
*coronosa,u
*coronosau,r
*coronosaur,u
*coronosauru,s
*coronosaurus,$
*,c
*c,o
*co,r
*cor,y
*cory,t
*coryt,h
*coryth,o
*corytho,r
*corythor,a
*corythora,p
*corythorap,t
*corythorapt,o
*corythorapto,r
*corythoraptor,$
*,c
*c,o
*co,r
*cor,y
*cory,t
*coryt,h
*coryth,o
*corytho,s
*corythos,a
*corythosa,u
*corythosau,r
*corythosaur,u
*corythosauru,s
*corythosaurus,$
*,c
*c,r
*cr,a
*cra,s
*cras,p
*crasp,e
*craspe,d
*crasped,o
*craspedo,d
*craspedod,o
*craspedodo,n
*craspedodon,$
*,c
*c,r
*cr,a
*cra,t
*crat,a
*crata,e
*cratae,o
*crataeo,m
*crataeom,u
*crataeomu,s
*crataeomus,$
*,c
*c,r
*cr,a
*cra,t
*crat,e
*crate,r
*crater,o
*cratero,s
*crateros,a
*craterosa,u
*craterosau,r
*craterosaur,u
*craterosauru,s
*craterosaurus,$
*,c
*c,r
*cr,e
*cre,o
*creo,s
*creos,a
*creosa,u
*creosau,r
*creosaur,u
*creosauru,s
*creosaurus,$
*,c
*c,r
*cr,i
*cri,c
*cric,h
*crich,t
*cricht,o
*crichto,n
*crichton,p
*crichtonp,e
*crichtonpe,l
*crichtonpel,t
*crichtonpelt,a
*crichtonpelta,$
*,c
*c,r
*cr,i
*cri,c
*cric,h
*crich,t
*cricht,o
*crichto,n
*crichton,s
*crichtons,a
*crichtonsa,u
*crichtonsau,r
*crichtonsaur,u
*crichtonsauru,s
*crichtonsaurus,$
*,c
*c,r
*cr,i
*cri,s
*cris,t
*crist,a
*crista,t
*cristat,u
*cristatu,s
*cristatus,a
*cristatusa,u
*cristatusau,r
*cristatusaur,u
*cristatusauru,s
*cristatusaurus,$
*,c
*c,r
*cr,o
*cro,s
*cros,b
*crosb,y
*crosby,s
*crosbys,a
*crosbysa,u
*crosbysau,r
*crosbysaur,u
*crosbysauru,s
*crosbysaurus,$
*,c
*c,r
*cr,u
*cru,x
*crux,i
*cruxi,c
*cruxic,h
*cruxich,e
*cruxiche,i
*cruxichei,r
*cruxicheir,o
*cruxicheiro,s
*cruxicheiros,$
*,c
*c,r
*cr,y
*cry,o
*cryo,l
*cryol,o
*cryolo,p
*cryolop,h
*cryoloph,o
*cryolopho,s
*cryolophos,a
*cryolophosa,u
*cryolophosau,r
*cryolophosaur,u
*cryolophosauru,s
*cryolophosaurus,$
*,c
*c,r
*cr,y
*cry,p
*cryp,t
*crypt,o
*crypto,d
*cryptod,r
*cryptodr,a
*cryptodra,c
*cryptodrac,o
*cryptodraco,$
*,c
*c,r
*cr,y
*cry,p
*cryp,t
*crypt,o
*crypto,r
*cryptor,a
*cryptora,p
*cryptorap,t
*cryptorapt,o
*cryptorapto,r
*cryptoraptor,$
*,c
*c,r
*cr,y
*cry,p
*cryp,t
*crypt,o
*crypto,s
*cryptos,a
*cryptosa,u
*cryptosau,r
*cryptosaur,u
*cryptosauru,s
*cryptosaurus,$
*,c
*c,r
*cr,y
*cry,p
*cryp,t
*crypt,o
*crypto,v
*cryptov,o
*cryptovo,l
*cryptovol,a
*cryptovola,n
*cryptovolan,s
*cryptovolans,$
*,c
*c,u
*cu,m
*cum,n
*cumn,o
*cumno,r
*cumnor,i
*cumnori,a
*cumnoria,$
*,d
*d,a
*da,a
*daa,n
*daan,o
*daano,s
*daanos,a
*daanosa,u
*daanosau,r
*daanosaur,u
*daanosauru,s
*daanosaurus,$
*,d
*d,a
*da,c
*dac,e
*dace,n
*dacen,t
*dacent,r
*dacentr,u
*dacentru,r
*dacentrur,u
*dacentruru,s
*dacentrurus,$
*,d
*d,a
*da,c
*dac,h
*dach,o
*dacho,n
*dachon,g
*dachong,o
*dachongo,s
*dachongos,a
*dachongosa,u
*dachongosau,r
*dachongosaur,u
*dachongosauru,s
*dachongosaurus,$
*,d
*d,a
*da,e
*dae,m
*daem,o
*daemo,n
*daemon,o
*daemono,s
*daemonos,a
*daemonosa,u
*daemonosau,r
*daemonosaur,u
*daemonosauru,s
*daemonosaurus,$
*,d
*d,a
*da,h
*dah,a
*daha,l
*dahal,o
*dahalo,k
*dahalok,e
*dahaloke,l
*dahalokel,y
*dahalokely,$
*,d
*d,a
*da,k
*dak,o
*dako,s
*dakos,a
*dakosa,u
*dakosau,r
*dakosaur,u
*dakosauru,s
*dakosaurus,$
*,d
*d,a
*da,k
*dak,o
*dako,t
*dakot,a
*dakota,d
*dakotad,o
*dakotado,n
*dakotadon,$
*,d
*d,a
*da,k
*dak,o
*dako,t
*dakot,a
*dakota,r
*dakotar,a
*dakotara,p
*dakotarap,t
*dakotarapt,o
*dakotarapto,r
*dakotaraptor,$
*,d
*d,a
*da,l
*dal,i
*dali,a
*dalia,n
*dalian,s
*dalians,a
*daliansa,u
*daliansau,r
*daliansaur,u
*daliansauru,s
*daliansaurus,$
*,d
*d,a
*da,m
*dam,a
*dama,l
*damal,a
*damala,s
*damalas,a
*damalasa,u
*damalasau,r
*damalasaur,u
*damalasauru,s
*damalasaurus,$
*,d
*d,a
*da,n
*dan,d
*dand,a
*danda,k
*dandak,o
*dandako,s
*dandakos,a
*dandakosa,u
*dandakosau,r
*dandakosaur,u
*dandakosauru,s
*dandakosaurus,$
*,d
*d,a
*da,n
*dan,u
*danu,b
*danub,i
*danubi,o
*danubio,s
*danubios,a
*danubiosa,u
*danubiosau,r
*danubiosaur,u
*danubiosauru,s
*danubiosaurus,$
*,d
*d,a
*da,p
*dap,t
*dapt,o
*dapto,s
*daptos,a
*daptosa,u
*daptosau,r
*daptosaur,u
*daptosauru,s
*daptosaurus,$
*,d
*d,a
*da,r
*dar,w
*darw,i
*darwi,n
*darwin,s
*darwins,a
*darwinsa,u
*darwinsau,r
*darwinsaur,u
*darwinsauru,s
*darwinsaurus,$
*,d
*d,a
*da,s
*das,h
*dash,a
*dasha,n
*dashan,p
*dashanp,u
*dashanpu,s
*dashanpus,a
*dashanpusa,u
*dashanpusau,r
*dashanpusaur,u
*dashanpusauru,s
*dashanpusaurus,$
*,d
*d,a
*da,s
*das,p
*dasp,l
*daspl,e
*dasple,t
*dasplet,o
*daspleto,s
*daspletos,a
*daspletosa,u
*daspletosau,r
*daspletosaur,u
*daspletosauru,s
*daspletosaurus,$
*,d
*d,a
*da,s
*das,y
*dasy,g
*dasyg,n
*dasygn,a
*dasygna,t
*dasygnat,h
*dasygnath,o
*dasygnatho,i
*dasygnathoi,d
*dasygnathoid,e
*dasygnathoide,s
*dasygnathoides,$
*,d
*d,a
*da,s
*das,y
*dasy,g
*dasyg,n
*dasygn,a
*dasygna,t
*dasygnat,h
*dasygnath,u
*dasygnathu,s
*dasygnathus,$
*,d
*d,a
*da,t
*dat,a
*data,n
*datan,g
*datang,l
*datangl,o
*datanglo,n
*datanglon,g
*datanglong,$
*,d
*d,a
*da,t
*dat,o
*dato,n
*daton,g
*datong,l
*datongl,o
*datonglo,n
*datonglon,g
*datonglong,$
*,d
*d,a
*da,t
*dat,o
*dato,u
*datou,s
*datous,a
*datousa,u
*datousau,r
*datousaur,u
*datousauru,s
*datousaurus,$
*,d
*d,a
*da,u
*dau,r
*daur,o
*dauro,s
*dauros,a
*daurosa,u
*daurosau,r
*daurosaur,u
*daurosauru,s
*daurosaurus,$
*,d
*d,a
*da,x
*dax,i
*daxi,a
*daxia,t
*daxiat,i
*daxiati,t
*daxiatit,a
*daxiatita,n
*daxiatitan,$
*,d
*d,e
*de,i
*dei,n
*dein,o
*deino,c
*deinoc,h
*deinoch,e
*deinoche,i
*deinochei,r
*deinocheir,u
*deinocheiru,s
*deinocheirus,$
*,d
*d,e
*de,i
*dei,n
*dein,o
*deino,d
*deinod,o
*deinodo,n
*deinodon,$
*,d
*d,e
*de,i
*dei,n
*dein,o
*deino,n
*deinon,y
*deinony,c
*deinonyc,h
*deinonych,u
*deinonychu,s
*deinonychus,$
*,d
*d,e
*de,l
*del,a
*dela,p
*delap,p
*delapp,a
*delappa,r
*delappar,e
*delappare,n
*delapparen,t
*delapparent,i
*delapparenti,a
*delapparentia,$
*,d
*d,e
*de,l
*del,t
*delt,a
*delta,d
*deltad,r
*deltadr,o
*deltadro,m
*deltadrom,e
*deltadrome,u
*deltadromeu,s
*deltadromeus,$
*,d
*d,e
*de,m
*dem,a
*dema,n
*deman,d
*demand,a
*demanda,s
*demandas,a
*demandasa,u
*demandasau,r
*demandasaur,u
*demandasauru,s
*demandasaurus,$
*,d
*d,e
*de,n
*den,v
*denv,e
*denve,r
*denver,s
*denvers,a
*denversa,u
*denversau,r
*denversaur,u
*denversauru,s
*denversaurus,$
*,d
*d,e
*de,u
*deu,t
*deut,e
*deute,r
*deuter,o
*deutero,s
*deuteros,a
*deuterosa,u
*deuterosau,r
*deuterosaur,u
*deuterosauru,s
*deuterosaurus,$
*,d
*d,i
*di,a
*dia,b
*diab,l
*diabl,o
*diablo,c
*diabloc,e
*diabloce,r
*diablocer,a
*diablocera,t
*diablocerat,o
*diablocerato,p
*diabloceratop,s
*diabloceratops,$
*,d
*d,i
*di,a
*dia,m
*diam,a
*diama,n
*diaman,t
*diamant,i
*diamanti,n
*diamantin,a
*diamantina,s
*diamantinas,a
*diamantinasa,u
*diamantinasau,r
*diamantinasaur,u
*diamantinasauru,s
*diamantinasaurus,$
*,d
*d,i
*di,a
*dia,n
*dian,c
*dianc,h
*dianch,u
*dianchu,n
*dianchun,g
*dianchung,o
*dianchungo,s
*dianchungos,a
*dianchungosa,u
*dianchungosau,r
*dianchungosaur,u
*dianchungosauru,s
*dianchungosaurus,$
*,d
*d,i
*di,c
*dic,e
*dice,r
*dicer,a
*dicera,t
*dicerat,o
*dicerato,p
*diceratop,s
*diceratops,$
*,d
*d,i
*di,c
*dic,e
*dice,r
*dicer,a
*dicera,t
*dicerat,u
*diceratu,s
*diceratus,d
*diceratusd,i
*diceratusdi,c
*diceratusdic,l
*diceratusdicl,o
*diceratusdiclo,n
*diceratusdiclon,i
*diceratusdicloni,u
*diceratusdicloniu,s
*diceratusdiclonius,$
*,d
*d,i
*di,c
*dic,r
*dicr,a
*dicra,e
*dicrae,o
*dicraeo,s
*dicraeos,a
*dicraeosa,u
*dicraeosau,r
*dicraeosaur,u
*dicraeosauru,s
*dicraeosaurus,$
*,d
*d,i
*di,d
*did,a
*dida,n
*didan,o
*didano,d
*didanod,o
*didanodo,n
*didanodon,d
*didanodond,i
*didanodondi,l
*didanodondil,o
*didanodondilo,n
*didanodondilon,g
*didanodondilong,$
*,d
*d,i
*di,l
*dil,o
*dilo,p
*dilop,h
*diloph,o
*dilopho,s
*dilophos,a
*dilophosa,u
*dilophosau,r
*dilophosaur,u
*dilophosauru,s
*dilophosaurus,$
*,d
*d,i
*di,l
*dil,u
*dilu,v
*diluv,i
*diluvi,c
*diluvic,u
*diluvicu,r
*diluvicur,s
*diluvicurs,o
*diluvicurso,r
*diluvicursor,$
*,d
*d,i
*di,m
*dim,o
*dimo,d
*dimod,o
*dimodo,s
*dimodos,a
*dimodosa,u
*dimodosau,r
*dimodosaur,u
*dimodosauru,s
*dimodosaurus,$
*,d
*d,i
*di,n
*din,h
*dinh,e
*dinhe,i
*dinhei,r
*dinheir,o
*dinheiro,s
*dinheiros,a
*dinheirosa,u
*dinheirosau,r
*dinheirosaur,u
*dinheirosauru,s
*dinheirosaurus,$
*,d
*d,i
*di,n
*din,o
*dino,d
*dinod,o
*dinodo,c
*dinodoc,u
*dinodocu,s
*dinodocus,$
*,d
*d,i
*di,n
*din,o
*dino,t
*dinot,y
*dinoty,r
*dinotyr,a
*dinotyra,n
*dinotyran,n
*dinotyrann,u
*dinotyrannu,s
*dinotyrannus,$
*,d
*d,i
*di,p
*dip,l
*dipl,o
*diplo,d
*diplod,o
*diplodo,c
*diplodoc,u
*diplodocu,s
*diplodocus,$
*,d
*d,i
*di,p
*dip,l
*dipl,o
*diplo,t
*diplot,o
*diploto,m
*diplotom,o
*diplotomo,d
*diplotomod,o
*diplotomodo,n
*diplotomodon,$
*,d
*d,i
*di,r
*dir,a
*dira,c
*dirac,o
*diraco,d
*diracod,o
*diracodo,n
*diracodon,$
*,d
*d,o
*do,l
*dol,i
*doli,c
*dolic,h
*dolich,o
*dolicho,s
*dolichos,u
*dolichosu,c
*dolichosuc,h
*dolichosuch,u
*dolichosuchu,s
*dolichosuchus,$
*,d
*d,o
*do,l
*dol,l
*doll,o
*dollo,d
*dollod,o
*dollodo,n
*dollodon,$
*,d
*d,o
*do,m
*dom,e
*dome,y
*domey,k
*domeyk,o
*domeyko,s
*domeykos,a
*domeykosa,u
*domeykosau,r
*domeykosaur,u
*domeykosauru,s
*domeykosaurus,$
*,d
*d,o
*do,n
*don,g
*dong,b
*dongb,e
*dongbe,i
*dongbei,t
*dongbeit,i
*dongbeiti,t
*dongbeitit,a
*dongbeitita,n
*dongbeititan,$
*,d
*d,o
*do,n
*don,g
*dong,y
*dongy,a
*dongya,n
*dongyan,g
*dongyang,o
*dongyango,p
*dongyangop,e
*dongyangope,l
*dongyangopel,t
*dongyangopelt,a
*dongyangopelta,$
*,d
*d,o
*do,n
*don,g
*dong,y
*dongy,a
*dongya,n
*dongyan,g
*dongyang,o
*dongyango,s
*dongyangos,a
*dongyangosa,u
*dongyangosau,r
*dongyangosaur,u
*dongyangosauru,s
*dongyangosaurus,$
*,d
*d,o
*do,r
*dor,a
*dora,t
*dorat,o
*dorato,d
*doratod,o
*doratodo,n
*doratodon,$
*,d
*d,o
*do,r
*dor,y
*dory,p
*doryp,h
*doryph,o
*dorypho,r
*doryphor,o
*doryphoro,s
*doryphoros,a
*doryphorosa,u
*doryphorosau,r
*doryphorosaur,u
*doryphorosauru,s
*doryphorosaurus,$
*,d
*d,r
*dr,a
*dra,c
*drac,o
*draco,n
*dracon,y
*dracony,x
*draconyx,$
*,d
*d,r
*dr,a
*dra,c
*drac,o
*draco,p
*dracop,e
*dracope,l
*dracopel,t
*dracopelt,a
*dracopelta,$
*,d
*d,r
*dr,a
*dra,c
*drac,o
*draco,r
*dracor,a
*dracora,p
*dracorap,t
*dracorapt,o
*dracorapto,r
*dracoraptor,$
*,d
*d,r
*dr,a
*dra,c
*drac,o
*draco,r
*dracor,e
*dracore,x
*dracorex,$
*,d
*d,r
*dr,a
*dra,c
*drac,o
*draco,v
*dracov,e
*dracove,n
*dracoven,a
*dracovena,t
*dracovenat,o
*dracovenato,r
*dracovenator,$
*,d
*d,r
*dr,a
*dra,v
*drav,i
*dravi,d
*dravid,o
*dravido,s
*dravidos,a
*dravidosa,u
*dravidosau,r
*dravidosaur,u
*dravidosauru,s
*dravidosaurus,$
*,d
*d,r
*dr,e
*dre,a
*drea,d
*dread,n
*dreadn,o
*dreadno,u
*dreadnou,g
*dreadnoug,h
*dreadnough,t
*dreadnought,u
*dreadnoughtu,s
*dreadnoughtus,$
*,d
*d,r
*dr,i
*dri,n
*drin,k
*drink,e
*drinke,r
*drinker,$
*,d
*d,r
*dr,o
*dro,m
*drom,a
*droma,e
*dromae,o
*dromaeo,s
*dromaeos,a
*dromaeosa,u
*dromaeosau,r
*dromaeosaur,o
*dromaeosauro,i
*dromaeosauroi,d
*dromaeosauroid,e
*dromaeosauroide,s
*dromaeosauroides,$
*,d
*d,r
*dr,o
*dro,m
*drom,a
*droma,e
*dromae,o
*dromaeo,s
*dromaeos,a
*dromaeosa,u
*dromaeosau,r
*dromaeosaur,u
*dromaeosauru,s
*dromaeosaurus,$
*,d
*d,r
*dr,o
*dro,m
*drom,i
*dromi,c
*dromic,e
*dromice,i
*dromicei,o
*dromiceio,m
*dromiceiom,i
*dromiceiomi,m
*dromiceiomim,u
*dromiceiomimu,s
*dromiceiomimus,$
*,d
*d,r
*dr,o
*dro,m
*drom,i
*dromi,c
*dromic,o
*dromico,s
*dromicos,a
*dromicosa,u
*dromicosau,r
*dromicosaur,u
*dromicosauru,s
*dromicosaurus,$
*,d
*d,r
*dr,u
*dru,s
*drus,i
*drusi,l
*drusil,a
*drusila,s
*drusilas,a
*drusilasa,u
*drusilasau,r
*drusilasaur,a
*drusilasaura,$
*,d
*d,r
*dr,y
*dry,o
*dryo,s
*dryos,a
*dryosa,u
*dryosau,r
*dryosaur,u
*dryosauru,s
*dryosaurus,$
*,d
*d,r
*dr,y
*dry,p
*dryp,t
*drypt,o
*drypto,s
*dryptos,a
*dryptosa,u
*dryptosau,r
*dryptosaur,o
*dryptosauro,i
*dryptosauroi,d
*dryptosauroid,e
*dryptosauroide,s
*dryptosauroides,$
*,d
*d,r
*dr,y
*dry,p
*dryp,t
*drypt,o
*drypto,s
*dryptos,a
*dryptosa,u
*dryptosau,r
*dryptosaur,u
*dryptosauru,s
*dryptosaurus,$
*,d
*d,u
*du,b
*dub,r
*dubr,e
*dubre,u
*dubreu,i
*dubreui,l
*dubreuil,l
*dubreuill,o
*dubreuillo,s
*dubreuillos,a
*dubreuillosa,u
*dubreuillosau,r
*dubreuillosaur,u
*dubreuillosauru,s
*dubreuillosaurus,$
*,d
*d,u
*du,r
*dur,i
*duri,a
*duria,t
*duriat,i
*duriati,t
*duriatit,a
*duriatita,n
*duriatitan,$
*,d
*d,u
*du,r
*dur,i
*duri,a
*duria,v
*duriav,e
*duriave,n
*duriaven,a
*duriavena,t
*duriavenat,o
*duriavenato,r
*duriavenator,$
*,d
*d,y
*dy,n
*dyn,a
*dyna,m
*dynam,o
*dynamo,s
*dynamos,a
*dynamosa,u
*dynamosau,r
*dynamosaur,u
*dynamosauru,s
*dynamosaurus,$
*,d
*d,y
*dy,o
*dyo,p
*dyop,l
*dyopl,o
*dyoplo,s
*dyoplos,a
*dyoplosa,u
*dyoplosau,r
*dyoplosaur,u
*dyoplosauru,s
*dyoplosaurus,$
*,d
*d,y
*dy,s
*dys,a
*dysa,l
*dysal,o
*dysalo,t
*dysalot,o
*dysaloto,s
*dysalotos,a
*dysalotosa,u
*dysalotosau,r
*dysalotosaur,u
*dysalotosauru,s
*dysalotosaurus,$
*,d
*d,y
*dy,s
*dys,g
*dysg,a
*dysga,n
*dysgan,u
*dysganu,s
*dysganus,$
*,d
*d,y
*dy,s
*dys,l
*dysl,o
*dyslo,c
*dysloc,o
*dysloco,s
*dyslocos,a
*dyslocosa,u
*dyslocosau,r
*dyslocosaur,u
*dyslocosauru,s
*dyslocosaurus,$
*,d
*d,y
*dy,s
*dys,t
*dyst,r
*dystr,o
*dystro,p
*dystrop,h
*dystroph,a
*dystropha,e
*dystrophae,u
*dystrophaeu,s
*dystrophaeus,$
*,d
*d,y
*dy,s
*dys,t
*dyst,y
*dysty,l
*dystyl,o
*dystylo,s
*dystylos,a
*dystylosa,u
*dystylosau,r
*dystylosaur,u
*dystylosauru,s
*dystylosaurus,$
*,e
*e,c
*ec,h
*ech,i
*echi,n
*echin,o
*echino,d
*echinod,o
*echinodo,n
*echinodon,$
*,e
*e,d
*ed,m
*edm,a
*edma,r
*edmar,k
*edmark,a
*edmarka,$
*,e
*e,d
*ed,m
*edm,o
*edmo,n
*edmon,t
*edmont,o
*edmonto,n
*edmonton,i
*edmontoni,a
*edmontonia,$
*,e
*e,d
*ed,m
*edm,o
*edmo,n
*edmon,t
*edmont,o
*edmonto,s
*edmontos,a
*edmontosa,u
*edmontosau,r
*edmontosaur,u
*edmontosauru,s
*edmontosaurus,$
*,e
*e,f
*ef,r
*efr,a
*efra,a
*efraa,s
*efraas,i
*efraasi,a
*efraasia,$
*,e
*e,i
*ei,n
*ein,i
*eini,o
*einio,s
*einios,a
*einiosa,u
*einiosau,r
*einiosaur,u
*einiosauru,s
*einiosaurus,$
*,e
*e,k
*ek,r
*ekr,i
*ekri,x
*ekrix,i
*ekrixi,n
*ekrixin,a
*ekrixina,t
*ekrixinat,o
*ekrixinato,s
*ekrixinatos,a
*ekrixinatosa,u
*ekrixinatosau,r
*ekrixinatosaur,u
*ekrixinatosauru,s
*ekrixinatosaurus,$
*,e
*e,l
*el,a
*ela,c
*elac,h
*elach,i
*elachi,s
*elachis,t
*elachist,o
*elachisto,s
*elachistos,u
*elachistosu,c
*elachistosuc,h
*elachistosuch,u
*elachistosuchu,s
*elachistosuchus,$
*,e
*e,l
*el,a
*ela,l
*elal,t
*elalt,i
*elalti,t
*elaltit,a
*elaltita,n
*elaltitan,$
*,e
*e,l
*el,a
*ela,p
*elap,h
*elaph,r
*elaphr,o
*elaphro,s
*elaphros,a
*elaphrosa,u
*elaphrosau,r
*elaphrosaur,u
*elaphrosauru,s
*elaphrosaurus,$
*,e
*e,l
*el,m
*elm,i
*elmi,s
*elmis,a
*elmisa,u
*elmisau,r
*elmisaur,u
*elmisauru,s
*elmisaurus,$
*,e
*e,l
*el,o
*elo,p
*elop,t
*elopt,e
*elopte,r
*elopter,y
*eloptery,x
*elopteryx,$
*,e
*e,l
*el,o
*elo,s
*elos,a
*elosa,u
*elosau,r
*elosaur,u
*elosauru,s
*elosaurus,$
*,e
*e,l
*el,r
*elr,h
*elrh,a
*elrha,z
*elrhaz,o
*elrhazo,s
*elrhazos,a
*elrhazosa,u
*elrhazosau,r
*elrhazosaur,u
*elrhazosauru,s
*elrhazosaurus,$
*,e
*e,l
*el,v
*elv,i
*elvi,s
*elvis,a
*elvisa,u
*elvisau,r
*elvisaur,u
*elvisauru,s
*elvisaurus,$
*,e
*e,m
*em,a
*ema,u
*emau,s
*emaus,a
*emausa,u
*emausau,r
*emausaur,u
*emausauru,s
*emausaurus,$
*,e
*e,m
*em,b
*emb,a
*emba,s
*embas,a
*embasa,u
*embasau,r
*embasaur,u
*embasauru,s
*embasaurus,$
*,e
*e,n
*en,i
*eni,g
*enig,m
*enigm,o
*enigmo,s
*enigmos,a
*enigmosa,u
*enigmosau,r
*enigmosaur,u
*enigmosauru,s
*enigmosaurus,$
*,e
*e,o
*eo,a
*eoa,b
*eoab,e
*eoabe,l
*eoabel,i
*eoabeli,s
*eoabelis,a
*eoabelisa,u
*eoabelisau,r
*eoabelisaur,u
*eoabelisauru,s
*eoabelisaurus,$
*,e
*e,o
*eo,b
*eob,r
*eobr,o
*eobro,n
*eobron,t
*eobront,o
*eobronto,s
*eobrontos,a
*eobrontosa,u
*eobrontosau,r
*eobrontosaur,u
*eobrontosauru,s
*eobrontosaurus,$
*,e
*e,o
*eo,c
*eoc,a
*eoca,r
*eocar,c
*eocarc,h
*eocarch,a
*eocarcha,r
*eocarchar,i
*eocarchari,a
*eocarcharia,$
*,e
*e,o
*eo,c
*eoc,e
*eoce,r
*eocer,a
*eocera,t
*eocerat,o
*eocerato,p
*eoceratop,s
*eoceratops,$
*,e
*e,o
*eo,c
*eoc,u
*eocu,r
*eocur,s
*eocurs,o
*eocurso,r
*eocursor,$
*,e
*e,o
*eo,d
*eod,r
*eodr,o
*eodro,m
*eodrom,a
*eodroma,e
*eodromae,u
*eodromaeu,s
*eodromaeus,$
*,e
*e,o
*eo,h
*eoh,a
*eoha,d
*eohad,r
*eohadr,o
*eohadro,s
*eohadros,a
*eohadrosa,u
*eohadrosau,r
*eohadrosaur,u
*eohadrosauru,s
*eohadrosaurus,$
*,e
*e,o
*eo,l
*eol,a
*eola,m
*eolam,b
*eolamb,i
*eolambi,a
*eolambia,$
*,e
*e,o
*eo,m
*eom,a
*eoma,m
*eomam,e
*eomame,n
*eomamen,c
*eomamenc,h
*eomamench,i
*eomamenchi,s
*eomamenchis,a
*eomamenchisa,u
*eomamenchisau,r
*eomamenchisaur,u
*eomamenchisauru,s
*eomamenchisaurus,$
*,e
*e,o
*eo,p
*eop,l
*eopl,o
*eoplo,p
*eoplop,h
*eoploph,y
*eoplophy,s
*eoplophys,i
*eoplophysi,s
*eoplophysis,$
*,e
*e,o
*eo,r
*eor,a
*eora,p
*eorap,t
*eorapt,o
*eorapto,r
*eoraptor,$
*,e
*e,o
*eo,s
*eos,i
*eosi,n
*eosin,o
*eosino,p
*eosinop,t
*eosinopt,e
*eosinopte,r
*eosinopter,y
*eosinoptery,x
*eosinopteryx,$
*,e
*e,o
*eo,t
*eot,r
*eotr,a
*eotra,c
*eotrac,h
*eotrach,o
*eotracho,d
*eotrachod,o
*eotrachodo,n
*eotrachodon,$
*,e
*e,o
*eo,t
*eot,r
*eotr,i
*eotri,c
*eotric,e
*eotrice,r
*eotricer,a
*eotricera,t
*eotricerat,o
*eotricerato,p
*eotriceratop,s
*eotriceratops,$
*,e
*e,o
*eo,t
*eot,y
*eoty,r
*eotyr,a
*eotyra,n
*eotyran,n
*eotyrann,u
*eotyrannu,s
*eotyrannus,$
*,e
*e,o
*eo,u
*eou,s
*eous,d
*eousd,r
*eousdr,y
*eousdry,o
*eousdryo,s
*eousdryos,a
*eousdryosa,u
*eousdryosau,r
*eousdryosaur,u
*eousdryosauru,s
*eousdryosaurus,$
*,e
*e,p
*ep,a
*epa,c
*epac,h
*epach,t
*epacht,h
*epachth,o
*epachtho,s
*epachthos,a
*epachthosa,u
*epachthosau,r
*epachthosaur,u
*epachthosauru,s
*epachthosaurus,$
*,e
*e,p
*ep,a
*epa,n
*epan,t
*epant,e
*epante,r
*epanter,i
*epanteri,a
*epanteria,s
*epanterias,$
*,e
*e,p
*ep,h
*eph,o
*epho,e
*ephoe,n
*ephoen,o
*ephoeno,s
*ephoenos,a
*ephoenosa,u
*ephoenosau,r
*ephoenosaur,u
*ephoenosauru,s
*ephoenosaurus,$
*,e
*e,p
*ep,i
*epi,c
*epic,a
*epica,m
*epicam,p
*epicamp,o
*epicampo,d
*epicampod,o
*epicampodo,n
*epicampodon,$
*,e
*e,p
*ep,i
*epi,c
*epic,h
*epich,i
*epichi,r
*epichir,o
*epichiro,s
*epichiros,t
*epichirost,e
*epichiroste,n
*epichirosten,o
*epichirosteno,t
*epichirostenot,e
*epichirostenote,s
*epichirostenotes,$
*,e
*e,p
*ep,i
*epi,d
*epid,e
*epide,n
*epiden,d
*epidend,r
*epidendr,o
*epidendro,s
*epidendros,a
*epidendrosa,u
*epidendrosau,r
*epidendrosaur,u
*epidendrosauru,s
*epidendrosaurus,$
*,e
*e,p
*ep,i
*epi,d
*epid,e
*epide,x
*epidex,i
*epidexi,p
*epidexip,t
*epidexipt,e
*epidexipte,r
*epidexipter,y
*epidexiptery,x
*epidexipteryx,$
*,e
*e,q
*eq,u
*equ,i
*equi,j
*equij,u
*equiju,b
*equijub,u
*equijubu,s
*equijubus,$
*,e
*e,r
*er,e
*ere,c
*erec,t
*erect,o
*erecto,p
*erectop,u
*erectopu,s
*erectopus,$
*,e
*e,r
*er,k
*erk,e
*erke,t
*erket,u
*erketu,$
*,e
*e,r
*er,l
*erl,i
*erli,a
*erlia,n
*erlian,s
*erlians,a
*erliansa,u
*erliansau,r
*erliansaur,u
*erliansauru,s
*erliansaurus,$
*,e
*e,r
*er,l
*erl,i
*erli,k
*erlik,o
*erliko,s
*erlikos,a
*erlikosa,u
*erlikosau,r
*erlikosaur,u
*erlikosauru,s
*erlikosaurus,$
*,e
*e,s
*es,h
*esh,a
*esha,n
*eshan,o
*eshano,s
*eshanos,a
*eshanosa,u
*eshanosau,r
*eshanosaur,u
*eshanosauru,s
*eshanosaurus,$
*,e
*e,u
*eu,a
*eua,c
*euac,a
*euaca,n
*euacan,t
*euacant,h
*euacanth,u
*euacanthu,s
*euacanthus,$
*,e
*e,u
*eu,c
*euc,a
*euca,m
*eucam,e
*eucame,r
*eucamer,o
*eucamero,t
*eucamerot,u
*eucamerotu,s
*eucamerotus,$
*,e
*e,u
*eu,c
*euc,e
*euce,n
*eucen,t
*eucent,r
*eucentr,o
*eucentro,s
*eucentros,a
*eucentrosa,u
*eucentrosau,r
*eucentrosaur,u
*eucentrosauru,s
*eucentrosaurus,$
*,e
*e,u
*eu,c
*euc,e
*euce,r
*eucer,c
*eucerc,o
*eucerco,s
*eucercos,a
*eucercosa,u
*eucercosau,r
*eucercosaur,u
*eucercosauru,s
*eucercosaurus,$
*,e
*e,u
*eu,c
*euc,n
*eucn,e
*eucne,m
*eucnem,e
*eucneme,s
*eucnemes,a
*eucnemesa,u
*eucnemesau,r
*eucnemesaur,u
*eucnemesauru,s
*eucnemesaurus,$
*,e
*e,u
*eu,c
*euc,o
*euco,e
*eucoe,l
*eucoel,o
*eucoelo,p
*eucoelop,h
*eucoeloph,y
*eucoelophy,s
*eucoelophys,i
*eucoelophysi,s
*eucoelophysis,$
*,e
*e,u
*eu,g
*eug,o
*eugo,n
*eugon,g
*eugong,b
*eugongb,u
*eugongbu,s
*eugongbus,a
*eugongbusa,u
*eugongbusau,r
*eugongbusaur,u
*eugongbusauru,s
*eugongbusaurus,$
*,e
*e,u
*eu,h
*euh,e
*euhe,l
*euhel,o
*euhelo,p
*euhelop,u
*euhelopu,s
*euhelopus,$
*,e
*e,u
*eu,o
*euo,p
*euop,l
*euopl,o
*euoplo,c
*euoploc,e
*euoploce,p
*euoplocep,h
*euoploceph,a
*euoplocepha,l
*euoplocephal,u
*euoplocephalu,s
*euoplocephalus,$
*,e
*e,u
*eu,p
*eup,o
*eupo,d
*eupod,o
*eupodo,s
*eupodos,a
*eupodosa,u
*eupodosau,r
*eupodosaur,u
*eupodosauru,s
*eupodosaurus,$
*,e
*e,u
*eu,r
*eur,e
*eure,o
*eureo,d
*eureod,o
*eureodo,n
*eureodon,$
*,e
*e,u
*eu,r
*eur,o
*euro,l
*eurol,i
*euroli,m
*eurolim,n
*eurolimn,o
*eurolimno,r
*eurolimnor,n
*eurolimnorn,i
*eurolimnorni,s
*eurolimnornis,$
*,e
*e,u
*eu,r
*eur,o
*euro,n
*euron,y
*eurony,c
*euronyc,h
*euronych,o
*euronycho,d
*euronychod,o
*euronychodo,n
*euronychodon,$
*,e
*e,u
*eu,r
*eur,o
*euro,p
*europ,a
*europa,s
*europas,a
*europasa,u
*europasau,r
*europasaur,u
*europasauru,s
*europasaurus,$
*,e
*e,u
*eu,r
*eur,o
*euro,p
*europ,a
*europa,t
*europat,i
*europati,t
*europatit,a
*europatita,n
*europatitan,$
*,e
*e,u
*eu,r
*eur,o
*euro,p
*europ,e
*europe,l
*europel,t
*europelt,a
*europelta,$
*,e
*e,u
*eu,s
*eus,k
*eusk,e
*euske,l
*euskel,o
*euskelo,s
*euskelos,a
*euskelosa,u
*euskelosau,r
*euskelosaur,u
*euskelosauru,s
*euskelosaurus,$
*,e
*e,u
*eu,s
*eus,t
*eust,r
*eustr,e
*eustre,p
*eustrep,t
*eustrept,o
*eustrepto,s
*eustreptos,p
*eustreptosp,o
*eustreptospo,n
*eustreptospon,d
*eustreptospond,y
*eustreptospondy,l
*eustreptospondyl,u
*eustreptospondylu,s
*eustreptospondylus,$
*,f
*f,a
*fa,b
*fab,r
*fabr,o
*fabro,s
*fabros,a
*fabrosa,u
*fabrosau,r
*fabrosaur,u
*fabrosauru,s
*fabrosaurus,$
*,f
*f,a
*fa,l
*fal,c
*falc,a
*falca,r
*falcar,i
*falcari,u
*falcariu,s
*falcarius,$
*,f
*f,e
*fe,n
*fen,d
*fend,u
*fendu,s
*fendus,a
*fendusa,u
*fendusau,r
*fendusaur,u
*fendusauru,s
*fendusaurus,$
*,f
*f,e
*fe,n
*fen,e
*fene,s
*fenes,t
*fenest,r
*fenestr,o
*fenestro,s
*fenestros,a
*fenestrosa,u
*fenestrosau,r
*fenestrosaur,u
*fenestrosauru,s
*fenestrosaurus,$
*,f
*f,e
*fe,r
*fer,g
*ferg,a
*ferga,n
*fergan,a
*fergana,s
*ferganas,a
*ferganasa,u
*ferganasau,r
*ferganasaur,u
*ferganasauru,s
*ferganasaurus,$
*,f
*f,e
*fe,r
*fer,g
*ferg,a
*ferga,n
*fergan,a
*fergana,s
*ferganas,t
*ferganast,e
*ferganaste,g
*ferganasteg,o
*ferganastego,s
*ferganastegos,$
*,f
*f,e
*fe,r
*fer,g
*ferg,a
*ferga,n
*fergan,o
*fergano,c
*ferganoc,e
*ferganoce,p
*ferganocep,h
*ferganoceph,a
*ferganocepha,l
*ferganocephal,e
*ferganocephale,$
*,f
*f,o
*fo,r
*for,a
*fora,m
*foram,i
*forami,n
*foramin,a
*foramina,c
*foraminac,e
*foraminace,p
*foraminacep,h
*foraminaceph,a
*foraminacepha,l
*foraminacephal,e
*foraminacephale,$
*,f
*f,o
*fo,s
*fos,t
*fost,e
*foste,r
*foster,o
*fostero,v
*fosterov,e
*fosterove,n
*fosteroven,a
*fosterovena,t
*fosterovenat,o
*fosterovenato,r
*fosterovenator,$
*,f
*f,r
*fr,e
*fre,n
*fren,g
*freng,u
*frengu,e
*frengue,l
*frenguel,l
*frenguell,i
*frenguelli,s
*frenguellis,a
*frenguellisa,u
*frenguellisau,r
*frenguellisaur,u
*frenguellisauru,s
*frenguellisaurus,$
*,f
*f,r
*fr,u
*fru,i
*frui,t
*fruit,a
*fruita,d
*fruitad,e
*fruitade,n
*fruitaden,s
*fruitadens,$
*,f
*f,u
*fu,k
*fuk,u
*fuku,i
*fukui,r
*fukuir,a
*fukuira,p
*fukuirap,t
*fukuirapt,o
*fukuirapto,r
*fukuiraptor,$
*,f
*f,u
*fu,k
*fuk,u
*fuku,i
*fukui,s
*fukuis,a
*fukuisa,u
*fukuisau,r
*fukuisaur,u
*fukuisauru,s
*fukuisaurus,$
*,f
*f,u
*fu,k
*fuk,u
*fuku,i
*fukui,t
*fukuit,i
*fukuiti,t
*fukuitit,a
*fukuitita,n
*fukuititan,$
*,f
*f,u
*fu,k
*fuk,u
*fuku,i
*fukui,v
*fukuiv,e
*fukuive,n
*fukuiven,a
*fukuivena,t
*fukuivenat,o
*fukuivenato,r
*fukuivenator,$
*,f
*f,u
*fu,l
*ful,e
*fule,n
*fulen,g
*fuleng,i
*fulengi,a
*fulengia,$
*,f
*f,u
*fu,l
*ful,g
*fulg,u
*fulgu,r
*fulgur,o
*fulguro,t
*fulgurot,h
*fulguroth,e
*fulgurothe,r
*fulgurother,i
*fulgurotheri,u
*fulgurotheriu,m
*fulgurotherium,$
*,f
*f,u
*fu,s
*fus,i
*fusi,n
*fusin,a
*fusina,s
*fusinas,u
*fusinasu,s
*fusinasus,$
*,f
*f,u
*fu,s
*fus,u
*fusu,i
*fusui,s
*fusuis,a
*fusuisa,u
*fusuisau,r
*fusuisaur,u
*fusuisauru,s
*fusuisaurus,$
*,f
*f,u
*fu,t
*fut,a
*futa,b
*futab,a
*futaba,s
*futabas,a
*futabasa,u
*futabasau,r
*futabasaur,u
*futabasauru,s
*futabasaurus,$
*,f
*f,u
*fu,t
*fut,a
*futa,l
*futal,o
*futalo,g
*futalog,n
*futalogn,k
*futalognk,o
*futalognko,s
*futalognkos,a
*futalognkosa,u
*futalognkosau,r
*futalognkosaur,u
*futalognkosauru,s
*futalognkosaurus,$
*,g
*g,a
*ga,d
*gad,o
*gado,l
*gadol,o
*gadolo,s
*gadolos,a
*gadolosa,u
*gadolosau,r
*gadolosaur,u
*gadolosauru,s
*gadolosaurus,$
*,g
*g,a
*ga,l
*gal,e
*gale,a
*galea,m
*galeam,o
*galeamo,p
*galeamop,u
*galeamopu,s
*galeamopus,$
*,g
*g,a
*ga,l
*gal,e
*gale,s
*gales,a
*galesa,u
*galesau,r
*galesaur,u
*galesauru,s
*galesaurus,$
*,g
*g,a
*ga,l
*gal,l
*gall,i
*galli,m
*gallim,i
*gallimi,m
*gallimim,u
*gallimimu,s
*gallimimus,$
*,g
*g,a
*ga,l
*gal,t
*galt,o
*galto,n
*galton,i
*galtoni,a
*galtonia,$
*,g
*g,a
*ga,l
*gal,v
*galv,e
*galve,o
*galveo,s
*galveos,a
*galveosa,u
*galveosau,r
*galveosaur,u
*galveosauru,s
*galveosaurus,$
*,g
*g,a
*ga,l
*gal,v
*galv,e
*galve,s
*galves,a
*galvesa,u
*galvesau,r
*galvesaur,u
*galvesauru,s
*galvesaurus,$
*,g
*g,a
*ga,n
*gan,n
*gann,a
*ganna,n
*gannan,s
*gannans,a
*gannansa,u
*gannansau,r
*gannansaur,u
*gannansauru,s
*gannansaurus,$
*,g
*g,a
*ga,n
*gan,s
*gans,u
*gansu,t
*gansut,i
*gansuti,t
*gansutit,a
*gansutita,n
*gansutitan,$
*,g
*g,a
*ga,n
*gan,z
*ganz,h
*ganzh,o
*ganzho,u
*ganzhou,s
*ganzhous,a
*ganzhousa,u
*ganzhousau,r
*ganzhousaur,u
*ganzhousauru,s
*ganzhousaurus,$
*,g
*g,a
*ga,r
*gar,g
*garg,o
*gargo,y
*gargoy,l
*gargoyl,e
*gargoyle,o
*gargoyleo,s
*gargoyleos,a
*gargoyleosa,u
*gargoyleosau,r
*gargoyleosaur,u
*gargoyleosauru,s
*gargoyleosaurus,$
*,g
*g,a
*ga,r
*gar,u
*garu,d
*garud,i
*garudi,m
*garudim,i
*garudimi,m
*garudimim,u
*garudimimu,s
*garudimimus,$
*,g
*g,a
*ga,s
*gas,o
*gaso,s
*gasos,a
*gasosa,u
*gasosau,r
*gasosaur,u
*gasosauru,s
*gasosaurus,$
*,g
*g,a
*ga,s
*gas,p
*gasp,a
*gaspa,r
*gaspar,i
*gaspari,n
*gasparin,i
*gasparini,s
*gasparinis,a
*gasparinisa,u
*gasparinisau,r
*gasparinisaur,a
*gasparinisaura,$
*,g
*g,a
*ga,s
*gas,t
*gast,o
*gasto,n
*gaston,i
*gastoni,a
*gastonia,$
*,g
*g,a
*ga,v
*gav,i
*gavi,n
*gavin,o
*gavino,s
*gavinos,a
*gavinosa,u
*gavinosau,r
*gavinosaur,u
*gavinosauru,s
*gavinosaurus,$
*,g
*g,e
*ge,m
*gem,i
*gemi,n
*gemin,i
*gemini,r
*geminir,a
*geminira,p
*geminirap,t
*geminirapt,o
*geminirapto,r
*geminiraptor,$
*,g
*g,e
*ge,n
*gen,u
*genu,s
*genus,a
*genusa,u
*genusau,r
*genusaur,u
*genusauru,s
*genusaurus,$
*,g
*g,e
*ge,n
*gen,y
*geny,o
*genyo,d
*genyod,e
*genyode,c
*genyodec,t
*genyodect,e
*genyodecte,s
*genyodectes,$
*,g
*g,e
*ge,r
*ger,a
*gera,n
*geran,o
*gerano,s
*geranos,a
*geranosa,u
*geranosau,r
*geranosaur,u
*geranosauru,s
*geranosaurus,$
*,g
*g,i
*gi,d
*gid,e
*gide,o
*gideo,n
*gideon,m
*gideonm,a
*gideonma,n
*gideonman,t
*gideonmant,e
*gideonmante,l
*gideonmantel,l
*gideonmantell,i
*gideonmantelli,a
*gideonmantellia,$
*,g
*g,i
*gi,g
*gig,a
*giga,n
*gigan,o
*gigano,t
*giganot,o
*giganoto,s
*giganotos,a
*giganotosa,u
*giganotosau,r
*giganotosaur,u
*giganotosauru,s
*giganotosaurus,$
*,g
*g,i
*gi,g
*gig,a
*giga,n
*gigan,t
*gigant,o
*giganto,r
*gigantor,a
*gigantora,p
*gigantorap,t
*gigantorapt,o
*gigantorapto,r
*gigantoraptor,$
*,g
*g,i
*gi,g
*gig,a
*giga,n
*gigan,t
*gigant,o
*giganto,s
*gigantos,a
*gigantosa,u
*gigantosau,r
*gigantosaur,u
*gigantosauru,s
*gigantosaurus,$
*,g
*g,i
*gi,g
*gig,a
*giga,n
*gigan,t
*gigant,o
*giganto,s
*gigantos,a
*gigantosa,u
*gigantosau,r
*gigantosaur,u
*gigantosauru,s
*gigantosaurus,$
*,g
*g,i
*gi,g
*gig,a
*giga,n
*gigan,t
*gigant,o
*giganto,s
*gigantos,c
*gigantosc,e
*gigantosce,l
*gigantoscel,u
*gigantoscelu,s
*gigantoscelus,$
*,g
*g,i
*gi,g
*gig,a
*giga,n
*gigan,t
*gigant,s
*gigants,p
*gigantsp,i
*gigantspi,n
*gigantspin,o
*gigantspino,s
*gigantspinos,a
*gigantspinosa,u
*gigantspinosau,r
*gigantspinosaur,u
*gigantspinosauru,s
*gigantspinosaurus,$
*,g
*g,i
*gi,l
*gil,m
*gilm,o
*gilmo,r
*gilmor,e
*gilmore,o
*gilmoreo,s
*gilmoreos,a
*gilmoreosa,u
*gilmoreosau,r
*gilmoreosaur,u
*gilmoreosauru,s
*gilmoreosaurus,$
*,g
*g,i
*gi,n
*gin,n
*ginn,a
*ginna,r
*ginnar,e
*ginnare,e
*ginnaree,m
*ginnareem,i
*ginnareemi,m
*ginnareemim,u
*ginnareemimu,s
*ginnareemimus,$
*,g
*g,i
*gi,r
*gir,a
*gira,f
*giraf,f
*giraff,a
*giraffa,t
*giraffat,i
*giraffati,t
*giraffatit,a
*giraffatita,n
*giraffatitan,$
*,g
*g,l
*gl,a
*gla,c
*glac,i
*glaci,a
*glacia,l
*glacial,i
*glaciali,s
*glacialis,a
*glacialisa,u
*glacialisau,r
*glacialisaur,u
*glacialisauru,s
*glacialisaurus,$
*,g
*g,l
*gl,i
*gli,s
*glis,h
*glish,a
*glisha,d
*glishad,e
*glishade,s
*glishades,$
*,g
*g,l
*gl,y
*gly,p
*glyp,t
*glypt,o
*glypto,d
*glyptod,o
*glyptodo,n
*glyptodon,t
*glyptodont,o
*glyptodonto,p
*glyptodontop,e
*glyptodontope,l
*glyptodontopel,t
*glyptodontopelt,a
*glyptodontopelta,$
*,s
*s,k
*sk,e
*ske,l
*skel,e
*skele,t
*skelet,o
*skeleto,n
*skeleton,$
*,g
*g,o
*go,b
*gob,i
*gobi,c
*gobic,e
*gobice,r
*gobicer,a
*gobicera,t
*gobicerat,o
*gobicerato,p
*gobiceratop,s
*gobiceratops,$
*,g
*g,o
*go,b
*gob,i
*gobi,s
*gobis,a
*gobisa,u
*gobisau,r
*gobisaur,u
*gobisauru,s
*gobisaurus,$
*,g
*g,o
*go,b
*gob,i
*gobi,t
*gobit,i
*gobiti,t
*gobitit,a
*gobitita,n
*gobititan,$
*,g
*g,o
*go,b
*gob,i
*gobi,v
*gobiv,e
*gobive,n
*gobiven,a
*gobivena,t
*gobivenat,o
*gobivenato,r
*gobivenator,$
*,g
*g,o
*go,d
*god,z
*godz,i
*godzi,l
*godzil,l
*godzill,a
*godzilla,s
*godzillas,a
*godzillasa,u
*godzillasau,r
*godzillasaur,u
*godzillasauru,s
*godzillasaurus,$
*,g
*g,o
*go,j
*goj,i
*goji,r
*gojir,a
*gojira,s
*gojiras,a
*gojirasa,u
*gojirasau,r
*gojirasaur,u
*gojirasauru,s
*gojirasaurus,$
*,g
*g,o
*go,n
*gon,d
*gond,w
*gondw,a
*gondwa,n
*gondwan,a
*gondwana,t
*gondwanat,i
*gondwanati,t
*gondwanatit,a
*gondwanatita,n
*gondwanatitan,$
*,g
*g,o
*go,n
*gon,g
*gong,b
*gongb,u
*gongbu,s
*gongbus,a
*gongbusa,u
*gongbusau,r
*gongbusaur,u
*gongbusauru,s
*gongbusaurus,$
*,g
*g,o
*go,n
*gon,g
*gong,p
*gongp,o
*gongpo,q
*gongpoq,u
*gongpoqu,a
*gongpoqua,n
*gongpoquan,s
*gongpoquans,a
*gongpoquansa,u
*gongpoquansau,r
*gongpoquansaur,u
*gongpoquansauru,s
*gongpoquansaurus,$
*,g
*g,o
*go,n
*gon,g
*gong,x
*gongx,i
*gongxi,a
*gongxia,n
*gongxian,o
*gongxiano,s
*gongxianos,a
*gongxianosa,u
*gongxianosau,r
*gongxianosaur,u
*gongxianosauru,s
*gongxianosaurus,$
*,g
*g,o
*go,r
*gor,g
*gorg,o
*gorgo,s
*gorgos,a
*gorgosa,u
*gorgosau,r
*gorgosaur,u
*gorgosauru,s
*gorgosaurus,$
*,g
*g,o
*go,y
*goy,o
*goyo,c
*goyoc,e
*goyoce,p
*goyocep,h
*goyoceph,a
*goyocepha,l
*goyocephal,e
*goyocephale,$
*,g
*g,r
*gr,a
*gra,c
*grac,i
*graci,l
*gracil,i
*gracili,c
*gracilic,e
*gracilice,r
*gracilicer,a
*gracilicera,t
*gracilicerat,o
*gracilicerato,p
*graciliceratop,s
*graciliceratops,$
*,g
*g,r
*gr,a
*gra,c
*grac,i
*graci,l
*gracil,i
*gracili,r
*gracilir,a
*gracilira,p
*gracilirap,t
*gracilirapt,o
*gracilirapto,r
*graciliraptor,$
*,g
*g,r
*gr,a
*gra,c
*grac,i
*graci,l
*gracil,i
*gracili,s
*gracilis,u
*gracilisu,c
*gracilisuc,h
*gracilisuch,u
*gracilisuchu,s
*gracilisuchus,$
*,g
*g,r
*gr,a
*gra,v
*grav,i
*gravi,t
*gravit,h
*gravith,o
*gravitho,l
*gravithol,u
*gravitholu,s
*gravitholus,$
*,g
*g,r
*gr,e
*gre,s
*gres,s
*gress,l
*gressl,y
*gressly,o
*gresslyo,s
*gresslyos,a
*gresslyosa,u
*gresslyosau,r
*gresslyosaur,u
*gresslyosauru,s
*gresslyosaurus,$
*,g
*g,r
*gr,i
*gri,p
*grip,h
*griph,o
*gripho,r
*griphor,n
*griphorn,i
*griphorni,s
*griphornis,$
*,g
*g,r
*gr,i
*gri,p
*grip,h
*griph,o
*gripho,s
*griphos,a
*griphosa,u
*griphosau,r
*griphosaur,u
*griphosauru,s
*griphosaurus,$
*,g
*g,r
*gr,y
*gry,p
*gryp,h
*gryph,o
*grypho,c
*gryphoc,e
*gryphoce,r
*gryphocer,a
*gryphocera,t
*gryphocerat,o
*gryphocerato,p
*gryphoceratop,s
*gryphoceratops,$
*,g
*g,r
*gr,y
*gry,p
*gryp,o
*grypo,n
*grypon,y
*grypony,x
*gryponyx,$
*,g
*g,r
*gr,y
*gry,p
*gryp,o
*grypo,s
*grypos,a
*gryposa,u
*gryposau,r
*gryposaur,u
*gryposauru,s
*gryposaurus,$
*,g
*g,s
*gs,p
*gsp,s
*gsps,a
*gspsa,u
*gspsau,r
*gspsaur,u
*gspsauru,s
*gspsaurus,$
*,g
*g,u
*gu,a
*gua,i
*guai,b
*guaib,a
*guaiba,s
*guaibas,a
*guaibasa,u
*guaibasau,r
*guaibasaur,u
*guaibasauru,s
*guaibasaurus,$
*,g
*g,u
*gu,a
*gua,l
*gual,i
*guali,c
*gualic,h
*gualich,o
*gualicho,$
*,g
*g,u
*gu,a
*gua,n
*guan,l
*guanl,o
*guanlo,n
*guanlon,g
*guanlong,$
*,g
*g,w
*gw,y
*gwy,n
*gwyn,e
*gwyne,d
*gwyned,d
*gwynedd,o
*gwyneddo,s
*gwyneddos,a
*gwyneddosa,u
*gwyneddosau,r
*gwyneddosaur,u
*gwyneddosauru,s
*gwyneddosaurus,$
*,g
*g,y
*gy,p
*gyp,o
*gypo,s
*gypos,a
*gyposa,u
*gyposau,r
*gyposaur,u
*gyposauru,s
*gyposaurus,$
*,h
*h,a
*ha,d
*had,r
*hadr,o
*hadro,s
*hadros,a
*hadrosa,u
*hadrosau,r
*hadrosaur,a
*hadrosaura,v
*hadrosaurav,u
*hadrosauravu,s
*hadrosauravus,$
*,h
*h,a
*ha,d
*had,r
*hadr,o
*hadro,s
*hadros,a
*hadrosa,u
*hadrosau,r
*hadrosaur,u
*hadrosauru,s
*hadrosaurus,$
*,h
*h,a
*ha,e
*hae,s
*haes,t
*haest,a
*haesta,s
*haestas,a
*haestasa,u
*haestasau,r
*haestasaur,u
*haestasauru,s
*haestasaurus,$
*,h
*h,a
*ha,g
*hag,r
*hagr,y
*hagry,p
*hagryp,h
*hagryph,u
*hagryphu,s
*hagryphus,$
*,h
*h,a
*ha,l
*hal,l
*hall,o
*hallo,p
*hallop,u
*hallopu,s
*hallopus,$
*,h
*h,a
*ha,l
*hal,s
*hals,z
*halsz,k
*halszk,a
*halszka,r
*halszkar,a
*halszkara,p
*halszkarap,t
*halszkarapt,o
*halszkarapto,r
*halszkaraptor,$
*,h
*h,a
*ha,l
*hal,t
*halt,i
*halti,c
*haltic,o
*haltico,s
*halticos,a
*halticosa,u
*halticosau,r
*halticosaur,u
*halticosauru,s
*halticosaurus,$
*,h
*h,a
*ha,n
*han,s
*hans,s
*hanss,u
*hanssu,e
*hanssue,s
*hanssues,i
*hanssuesi,a
*hanssuesia,$
*,h
*h,a
*ha,n
*han,w
*hanw,u
*hanwu,l
*hanwul,o
*hanwulo,s
*hanwulos,a
*hanwulosa,u
*hanwulosau,r
*hanwulosaur,u
*hanwulosauru,s
*hanwulosaurus,$
*,h
*h,a
*ha,p
*hap,l
*hapl,o
*haplo,c
*haploc,a
*haploca,n
*haplocan,t
*haplocant,h
*haplocanth,o
*haplocantho,s
*haplocanthos,a
*haplocanthosa,u
*haplocanthosau,r
*haplocanthosaur,u
*haplocanthosauru,s
*haplocanthosaurus,$
*,h
*h,a
*ha,p
*hap,l
*hapl,o
*haplo,c
*haploc,a
*haploca,n
*haplocan,t
*haplocant,h
*haplocanth,u
*haplocanthu,s
*haplocanthus,$
*,h
*h,a
*ha,p
*hap,l
*hapl,o
*haplo,c
*haploc,h
*haploch,e
*haploche,i
*haplochei,r
*haplocheir,u
*haplocheiru,s
*haplocheirus,$
*,h
*h,a
*ha,r
*har,p
*harp,y
*harpy,m
*harpym,i
*harpymi,m
*harpymim,u
*harpymimu,s
*harpymimus,$
*,h
*h,a
*ha,y
*hay,a
*haya,$
*,h
*h,e
*he,c
*hec,a
*heca,t
*hecat,a
*hecata,s
*hecatas,a
*hecatasa,u
*hecatasau,r
*hecatasaur,u
*hecatasauru,s
*hecatasaurus,$
*,h
*h,e
*he,i
*hei,l
*heil,o
*heilo,n
*heilon,g
*heilong,j
*heilongj,i
*heilongji,a
*heilongjia,n
*heilongjian,g
*heilongjiang,o
*heilongjiango,s
*heilongjiangos,a
*heilongjiangosa,u
*heilongjiangosau,r
*heilongjiangosaur,u
*heilongjiangosauru,s
*heilongjiangosaurus,$
*,h
*h,e
*he,i
*hei,s
*heis,h
*heish,a
*heisha,n
*heishan,s
*heishans,a
*heishansa,u
*heishansau,r
*heishansaur,u
*heishansauru,s
*heishansaurus,$
*,h
*h,e
*he,l
*hel,i
*heli,o
*helio,c
*helioc,e
*helioce,r
*heliocer,a
*heliocera,t
*heliocerat,o
*heliocerato,p
*helioceratop,s
*helioceratops,$
*,h
*h,e
*he,l
*hel,o
*helo,p
*helop,u
*helopu,s
*helopus,$
*,h
*h,e
*he,p
*hep,t
*hept,a
*hepta,s
*heptas,t
*heptast,e
*heptaste,o
*heptasteo,r
*heptasteor,n
*heptasteorn,i
*heptasteorni,s
*heptasteornis,$
*,h
*h,e
*he,r
*her,b
*herb,s
*herbs,t
*herbst,o
*herbsto,s
*herbstos,a
*herbstosa,u
*herbstosau,r
*herbstosaur,u
*herbstosauru,s
*herbstosaurus,$
*,h
*h,e
*he,r
*her,r
*herr,e
*herre,r
*herrer,a
*herrera,s
*herreras,a
*herrerasa,u
*herrerasau,r
*herrerasaur,u
*herrerasauru,s
*herrerasaurus,$
*,h
*h,e
*he,s
*hes,p
*hesp,e
*hespe,r
*hesper,o
*hespero,n
*hesperon,y
*hesperony,c
*hesperonyc,h
*hesperonych,u
*hesperonychu,s
*hesperonychus,$
*,h
*h,e
*he,s
*hes,p
*hesp,e
*hespe,r
*hesper,o
*hespero,s
*hesperos,a
*hesperosa,u
*hesperosau,r
*hesperosaur,u
*hesperosauru,s
*hesperosaurus,$
*,h
*h,e
*he,t
*het,e
*hete,r
*heter,o
*hetero,d
*heterod,o
*heterodo,n
*heterodon,t
*heterodont,o
*heterodonto,s
*heterodontos,a
*heterodontosa,u
*heterodontosau,r
*heterodontosaur,u
*heterodontosauru,s
*heterodontosaurus,$
*,h
*h,e
*he,t
*het,e
*hete,r
*heter,o
*hetero,s
*heteros,a
*heterosa,u
*heterosau,r
*heterosaur,u
*heterosauru,s
*heterosaurus,$
*,h
*h,e
*he,x
*hex,i
*hexi,n
*hexin,g
*hexing,$
*,h
*h,e
*he,x
*hex,i
*hexi,n
*hexin,l
*hexinl,u
*hexinlu,s
*hexinlus,a
*hexinlusa,u
*hexinlusau,r
*hexinlusaur,u
*hexinlusauru,s
*hexinlusaurus,$
*,h
*h,e
*he,y
*hey,u
*heyu,a
*heyua,n
*heyuan,n
*heyuann,i
*heyuanni,a
*heyuannia,$
*,h
*h,i
*hi,e
*hie,r
*hier,o
*hiero,s
*hieros,a
*hierosa,u
*hierosau,r
*hierosaur,u
*hierosauru,s
*hierosaurus,$
*,h
*h,i
*hi,p
*hip,p
*hipp,o
*hippo,d
*hippod,r
*hippodr,a
*hippodra,c
*hippodrac,o
*hippodraco,$
*,h
*h,i
*hi,r
*hir,o
*hiro,n
*hiron,o
*hirono,s
*hironos,a
*hironosa,u
*hironosau,r
*hironosaur,u
*hironosauru,s
*hironosaurus,$
*,h
*h,i
*hi,s
*his,a
*hisa,n
*hisan,o
*hisano,h
*hisanoh,a
*hisanoha,m
*hisanoham,a
*hisanohama,s
*hisanohamas,a
*hisanohamasa,u
*hisanohamasau,r
*hisanohamasaur,u
*hisanohamasauru,s
*hisanohamasaurus,$
*,h
*h,i
*hi,s
*his,t
*hist,r
*histr,i
*histri,a
*histria,s
*histrias,a
*histriasa,u
*histriasau,r
*histriasaur,u
*histriasauru,s
*histriasaurus,$
*,h
*h,o
*ho,m
*hom,a
*homa,l
*homal,o
*homalo,c
*homaloc,e
*homaloce,p
*homalocep,h
*homaloceph,a
*homalocepha,l
*homalocephal,e
*homalocephale,$
*,h
*h,o
*ho,n
*hon,g
*hong,h
*hongh,e
*honghe,s
*honghes,a
*honghesa,u
*honghesau,r
*honghesaur,u
*honghesauru,s
*honghesaurus,$
*,h
*h,o
*ho,n
*hon,g
*hong,s
*hongs,h
*hongsh,a
*hongsha,n
*hongshan,o
*hongshano,s
*hongshanos,a
*hongshanosa,u
*hongshanosau,r
*hongshanosaur,u
*hongshanosauru,s
*hongshanosaurus,$
*,h
*h,o
*ho,p
*hop,l
*hopl,i
*hopli,t
*hoplit,o
*hoplito,s
*hoplitos,a
*hoplitosa,u
*hoplitosau,r
*hoplitosaur,u
*hoplitosauru,s
*hoplitosaurus,$
*,h
*h,o
*ho,p
*hop,l
*hopl,o
*hoplo,s
*hoplos,a
*hoplosa,u
*hoplosau,r
*hoplosaur,u
*hoplosauru,s
*hoplosaurus,$
*,h
*h,o
*ho,r
*hor,s
*hors,h
*horsh,a
*horsha,m
*horsham,o
*horshamo,s
*horshamos,a
*horshamosa,u
*horshamosau,r
*horshamosaur,u
*horshamosauru,s
*horshamosaurus,$
*,h
*h,o
*ho,r
*hor,t
*hort,a
*horta,l
*hortal,o
*hortalo,t
*hortalot,a
*hortalota,r
*hortalotar,s
*hortalotars,u
*hortalotarsu,s
*hortalotarsus,$
*,h
*h,u
*hu,a
*hua,b
*huab,e
*huabe,i
*huabei,s
*huabeis,a
*huabeisa,u
*huabeisau,r
*huabeisaur,u
*huabeisauru,s
*huabeisaurus,$
*,h
*h,u
*hu,a
*hua,l
*hual,i
*huali,a
*hualia,n
*hualian,c
*hualianc,e
*hualiance,r
*hualiancer,a
*hualiancera,t
*hualiancerat,o
*hualiancerato,p
*hualianceratop,s
*hualianceratops,$
*,h
*h,u
*hu,a
*hua,n
*huan,a
*huana,n
*huanan,s
*huanans,a
*huanansa,u
*huanansau,r
*huanansaur,u
*huanansauru,s
*huanansaurus,$
*,h
*h,u
*hu,a
*hua,n
*huan,g
*huang,h
*huangh,e
*huanghe,t
*huanghet,i
*huangheti,t
*huanghetit,a
*huanghetita,n
*huanghetitan,$
*,h
*h,u
*hu,a
*hua,n
*huan,g
*huang,s
*huangs,h
*huangsh,a
*huangsha,n
*huangshan,l
*huangshanl,o
*huangshanlo,n
*huangshanlon,g
*huangshanlong,$
*,h
*h,u
*hu,a
*hua,x
*huax,i
*huaxi,a
*huaxia,g
*huaxiag,n
*huaxiagn,a
*huaxiagna,t
*huaxiagnat,h
*huaxiagnath,u
*huaxiagnathu,s
*huaxiagnathus,$
*,h
*h,u
*hu,a
*hua,x
*huax,i
*huaxi,a
*huaxia,o
*huaxiao,s
*huaxiaos,a
*huaxiaosa,u
*huaxiaosau,r
*huaxiaosaur,u
*huaxiaosauru,s
*huaxiaosaurus,$
*,h
*h,u
*hu,a
*hua,x
*huax,i
*huaxi,a
*huaxia,s
*huaxias,a
*huaxiasa,u
*huaxiasau,r
*huaxiasaur,u
*huaxiasauru,s
*huaxiasaurus,$
*,h
*h,u
*hu,a
*hua,y
*huay,a
*huaya,n
*huayan,g
*huayang,o
*huayango,s
*huayangos,a
*huayangosa,u
*huayangosau,r
*huayangosaur,u
*huayangosauru,s
*huayangosaurus,$
*,h
*h,u
*hu,d
*hud,i
*hudi,e
*hudie,s
*hudies,a
*hudiesa,u
*hudiesau,r
*hudiesaur,u
*hudiesauru,s
*hudiesaurus,$
*,h
*h,u
*hu,e
*hue,h
*hueh,u
*huehu,e
*huehue,c
*huehuec,a
*huehueca,n
*huehuecan,a
*huehuecana,u
*huehuecanau,h
*huehuecanauh,t
*huehuecanauht,l
*huehuecanauhtl,u
*huehuecanauhtlu,s
*huehuecanauhtlus,$
*,h
*h,u
*hu,l
*hul,s
*huls,a
*hulsa,n
*hulsan,p
*hulsanp,e
*hulsanpe,s
*hulsanpes,$
*,h
*h,u
*hu,n
*hun,g
*hung,a
*hunga,r
*hungar,o
*hungaro,s
*hungaros,a
*hungarosa,u
*hungarosau,r
*hungarosaur,u
*hungarosauru,s
*hungarosaurus,$
*,h
*h,u
*hu,x
*hux,l
*huxl,e
*huxle,y
*huxley,s
*huxleys,a
*huxleysa,u
*huxleysau,r
*huxleysaur,u
*huxleysauru,s
*huxleysaurus,$
*,h
*h,y
*hy,l
*hyl,a
*hyla,e
*hylae,o
*hylaeo,s
*hylaeos,a
*hylaeosa,u
*hylaeosau,r
*hylaeosaur,u
*hylaeosauru,s
*hylaeosaurus,$
*,h
*h,y
*hy,l
*hyl,o
*hylo,s
*hylos,a
*hylosa,u
*hylosau,r
*hylosaur,u
*hylosauru,s
*hylosaurus,h
*hylosaurush,y
*hylosaurushy,p
*hylosaurushyp,a
*hylosaurushypa,c
*hylosaurushypac,r
*hylosaurushypacr,o
*hylosaurushypacro,s
*hylosaurushypacros,a
*hylosaurushypacrosa,u
*hylosaurushypacrosau,r
*hylosaurushypacrosaur,u
*hylosaurushypacrosauru,s
*hylosaurushypacrosaurus,$
*,h
*h,y
*hy,p
*hyp,s
*hyps,e
*hypse,l
*hypsel,o
*hypselo,r
*hypselor,h
*hypselorh,a
*hypselorha,c
*hypselorhac,h
*hypselorhach,i
*hypselorhachi,s
*hypselorhachis,$
*,h
*h,y
*hy,p
*hyp,s
*hyps,e
*hypse,l
*hypsel,o
*hypselo,s
*hypselos,a
*hypselosa,u
*hypselosau,r
*hypselosaur,u
*hypselosauru,s
*hypselosaurus,$
*,h
*h,y
*hy,p
*hyp,s
*hyps,e
*hypse,l
*hypsel,o
*hypselo,s
*hypselos,p
*hypselosp,i
*hypselospi,n
*hypselospin,u
*hypselospinu,s
*hypselospinus,$
*,h
*h,y
*hy,p
*hyp,s
*hyps,i
*hypsi,b
*hypsib,e
*hypsibe,m
*hypsibem,a
*hypsibema,$
*,h
*h,y
*hy,p
*hyp,s
*hyps,i
*hypsi,l
*hypsil,o
*hypsilo,p
*hypsilop,h
*hypsiloph,o
*hypsilopho,d
*hypsilophod,o
*hypsilophodo,n
*hypsilophodon,$
*,h
*h,y
*hy,p
*hyp,s
*hyps,i
*hypsi,r
*hypsir,h
*hypsirh,o
*hypsirho,p
*hypsirhop,h
*hypsirhoph,u
*hypsirhophu,s
*hypsirhophus,$
*,h
*h,a
*ha,b
*hab,o
*habo,d
*habod,c
*habodc,r
*habodcr,a
*habodcra,n
*habodcran,i
*habodcrani,o
*habodcranio,s
*habodcranios,a
*habodcraniosa,u
*habodcraniosau,r
*habodcraniosaur,u
*habodcraniosauru,s
*habodcraniosaurus,$
*,i
*i,c
*ic,h
*ich,t
*icht,h
*ichth,y
*ichthy,o
*ichthyo,v
*ichthyov,e
*ichthyove,n
*ichthyoven,a
*ichthyovena,t
*ichthyovenat,o
*ichthyovenato,r
*ichthyovenator,$
*,i
*i,g
*ig,n
*ign,a
*igna,v
*ignav,u
*ignavu,s
*ignavus,a
*ignavusa,u
*ignavusau,r
*ignavusaur,u
*ignavusauru,s
*ignavusaurus,$
*,i
*i,g
*ig,u
*igu,a
*igua,n
*iguan,a
*iguana,c
*iguanac,o
*iguanaco,l
*iguanacol,o
*iguanacolo,s
*iguanacolos,s
*iguanacoloss,u
*iguanacolossu,s
*iguanacolossus,$
*,i
*i,g
*ig,u
*igu,a
*igua,n
*iguan,o
*iguano,d
*iguanod,o
*iguanodo,n
*iguanodon,$
*,i
*i,g
*ig,u
*igu,a
*igua,n
*iguan,o
*iguano,i
*iguanoi,d
*iguanoid,e
*iguanoide,s
*iguanoides,$
*,s
*s,k
*sk,e
*ske,l
*skel,e
*skele,t
*skelet,o
*skeleto,n
*skeleton,$
*,i
*i,g
*ig,u
*igu,a
*igua,n
*iguan,o
*iguano,s
*iguanos,a
*iguanosa,u
*iguanosau,r
*iguanosaur,u
*iguanosauru,s
*iguanosaurus,$
*,i
*i,l
*il,i
*ili,o
*ilio,s
*ilios,u
*iliosu,c
*iliosuc,h
*iliosuch,u
*iliosuchu,s
*iliosuchus,$
*,i
*i,l
*il,o
*ilo,k
*ilok,e
*iloke,l
*ilokel,e
*ilokele,s
*ilokeles,i
*ilokelesi,a
*ilokelesia,$
*,i
*i,n
*in,c
*inc,i
*inci,s
*incis,i
*incisi,v
*incisiv,o
*incisivo,s
*incisivos,a
*incisivosa,u
*incisivosau,r
*incisivosaur,u
*incisivosauru,s
*incisivosaurus,$
*,i
*i,n
*in,d
*ind,o
*indo,s
*indos,a
*indosa,u
*indosau,r
*indosaur,u
*indosauru,s
*indosaurus,$
*,i
*i,n
*in,d
*ind,o
*indo,s
*indos,u
*indosu,c
*indosuc,h
*indosuch,u
*indosuchu,s
*indosuchus,$
*,i
*i,n
*in,g
*ing,e
*inge,n
*ingen,i
*ingeni,a
*ingenia,$
*,i
*i,n
*in,o
*ino,s
*inos,a
*inosa,u
*inosau,r
*inosaur,u
*inosauru,s
*inosaurus,$
*,i
*i,r
*ir,r
*irr,i
*irri,t
*irrit,a
*irrita,t
*irritat,o
*irritato,r
*irritator,$
*,i
*i,s
*is,a
*isa,b
*isab,e
*isabe,r
*isaber,r
*isaberr,y
*isaberry,s
*isaberrys,a
*isaberrysa,u
*isaberrysau,r
*isaberrysaur,a
*isaberrysaura,$
*,i
*i,s
*is,a
*isa,n
*isan,o
*isano,s
*isanos,a
*isanosa,u
*isanosau,r
*isanosaur,u
*isanosauru,s
*isanosaurus,$
*,i
*i,s
*is,c
*isc,h
*isch,i
*ischi,o
*ischio,c
*ischioc,e
*ischioce,r
*ischiocer,a
*ischiocera,t
*ischiocerat,o
*ischiocerato,p
*ischioceratop,s
*ischioceratops,$
*,i
*i,s
*is,c
*isc,h
*isch,i
*ischi,s
*ischis,a
*ischisa,u
*ischisau,r
*ischisaur,u
*ischisauru,s
*ischisaurus,$
*,i
*i,s
*is,c
*isc,h
*isch,y
*ischy,r
*ischyr,o
*ischyro,s
*ischyros,a
*ischyrosa,u
*ischyrosau,r
*ischyrosaur,u
*ischyrosauru,s
*ischyrosaurus,$
*,i
*i,s
*is,i
*isi,s
*isis,a
*isisa,u
*isisau,r
*isisaur,u
*isisauru,s
*isisaurus,$
*,i
*i,s
*is,s
*iss,a
*issa,s
*issas,a
*issasa,u
*issasau,r
*issasaur,u
*issasauru,s
*issasaurus,$
*,i
*i,t
*it,e
*ite,m
*item,i
*itemi,r
*itemir,u
*itemiru,s
*itemirus,$
*,i
*i,u
*iu,t
*iut,i
*iuti,c
*iutic,o
*iutico,s
*iuticos,a
*iuticosa,u
*iuticosau,r
*iuticosaur,u
*iuticosauru,s
*iuticosaurus,$
*,j
*j,a
*ja,i
*jai,n
*jain,o
*jaino,s
*jainos,a
*jainosa,u
*jainosau,r
*jainosaur,u
*jainosauru,s
*jainosaurus,$
*,j
*j,a
*ja,k
*jak,l
*jakl,a
*jakla,p
*jaklap,a
*jaklapa,l
*jaklapal,l
*jaklapall,i
*jaklapalli,s
*jaklapallis,a
*jaklapallisa,u
*jaklapallisau,r
*jaklapallisaur,u
*jaklapallisauru,s
*jaklapallisaurus,$
*,j
*j,a
*ja,n
*jan,e
*jane,n
*janen,s
*janens,c
*janensc,h
*janensch,i
*janenschi,a
*janenschia,$
*,j
*j,a
*ja,x
*jax,a
*jaxa,r
*jaxar,t
*jaxart,o
*jaxarto,s
*jaxartos,a
*jaxartosa,u
*jaxartosau,r
*jaxartosaur,u
*jaxartosauru,s
*jaxartosaurus,$
*,j
*j,e
*je,h
*jeh,o
*jeho,l
*jehol,o
*jeholo,s
*jeholos,a
*jeholosa,u
*jeholosau,r
*jeholosaur,u
*jeholosauru,s
*jeholosaurus,$
*,j
*j,e
*je,n
*jen,g
*jeng,h
*jengh,i
*jenghi,z
*jenghiz,k
*jenghizk,h
*jenghizkh,a
*jenghizkha,n
*jenghizkhan,$
*,j
*j,e
*je,n
*jen,s
*jens,e
*jense,n
*jensen,o
*jenseno,s
*jensenos,a
*jensenosa,u
*jensenosau,r
*jensenosaur,u
*jensenosauru,s
*jensenosaurus,$
*,j
*j,e
*je,y
*jey,a
*jeya,w
*jeyaw,a
*jeyawa,t
*jeyawat,i
*jeyawati,$
*,j
*j,i
*ji,a
*jia,n
*jian,c
*jianc,h
*jianch,a
*jiancha,n
*jianchan,g
*jianchang,o
*jianchango,s
*jianchangos,a
*jianchangosa,u
*jianchangosau,r
*jianchangosaur,u
*jianchangosauru,s
*jianchangosaurus,$
*,j
*j,i
*ji,a
*jia,n
*jian,g
*jiang,j
*jiangj,u
*jiangju,n
*jiangjun,m
*jiangjunm,i
*jiangjunmi,a
*jiangjunmia,o
*jiangjunmiao,s
*jiangjunmiaos,a
*jiangjunmiaosa,u
*jiangjunmiaosau,r
*jiangjunmiaosaur,u
*jiangjunmiaosauru,s
*jiangjunmiaosaurus,$
*,j
*j,i
*ji,a
*jia,n
*jian,g
*jiang,j
*jiangj,u
*jiangju,n
*jiangjun,o
*jiangjuno,s
*jiangjunos,a
*jiangjunosa,u
*jiangjunosau,r
*jiangjunosaur,u
*jiangjunosauru,s
*jiangjunosaurus,$
*,j
*j,i
*ji,a
*jia,n
*jian,g
*jiang,s
*jiangs,h
*jiangsh,a
*jiangsha,n
*jiangshan,o
*jiangshano,s
*jiangshanos,a
*jiangshanosa,u
*jiangshanosau,r
*jiangshanosaur,u
*jiangshanosauru,s
*jiangshanosaurus,$
*,j
*j,i
*ji,a
*jia,n
*jian,g
*jiang,x
*jiangx,i
*jiangxi,s
*jiangxis,a
*jiangxisa,u
*jiangxisau,r
*jiangxisaur,u
*jiangxisauru,s
*jiangxisaurus,$
*,j
*j,i
*ji,a
*jia,n
*jian,i
*jiani,a
*jiania,n
*jianian,h
*jianianh,u
*jianianhu,a
*jianianhua,l
*jianianhual,o
*jianianhualo,n
*jianianhualon,g
*jianianhualong,$
*,j
*j,i
*ji,n
*jin,f
*jinf,e
*jinfe,n
*jinfen,g
*jinfeng,o
*jinfengo,p
*jinfengop,t
*jinfengopt,e
*jinfengopte,r
*jinfengopter,y
*jinfengoptery,x
*jinfengopteryx,$
*,j
*j,i
*ji,n
*jin,g
*jing,s
*jings,h
*jingsh,a
*jingsha,n
*jingshan,o
*jingshano,s
*jingshanos,a
*jingshanosa,u
*jingshanosau,r
*jingshanosaur,u
*jingshanosauru,s
*jingshanosaurus,$
*,j
*j,i
*ji,n
*jin,t
*jint,a
*jinta,s
*jintas,a
*jintasa,u
*jintasau,r
*jintasaur,u
*jintasauru,s
*jintasaurus,$
*,j
*j,i
*ji,n
*jin,z
*jinz,h
*jinzh,o
*jinzho,u
*jinzhou,s
*jinzhous,a
*jinzhousa,u
*jinzhousau,r
*jinzhousaur,u
*jinzhousauru,s
*jinzhousaurus,$
*,j
*j,i
*ji,u
*jiu,t
*jiut,a
*jiuta,i
*jiutai,s
*jiutais,a
*jiutaisa,u
*jiutaisau,r
*jiutaisaur,u
*jiutaisauru,s
*jiutaisaurus,$
*,j
*j,o
*jo,b
*job,a
*joba,r
*jobar,i
*jobari,a
*jobaria,$
*,j
*j,u
*ju,b
*jub,b
*jubb,u
*jubbu,l
*jubbul,p
*jubbulp,u
*jubbulpu,r
*jubbulpur,i
*jubbulpuri,a
*jubbulpuria,$
*,j
*j,u
*ju,d
*jud,i
*judi,c
*judic,e
*judice,r
*judicer,a
*judicera,t
*judicerat,o
*judicerato,p
*judiceratop,s
*judiceratops,$
*,j
*j,u
*ju,r
*jur,a
*jura,p
*jurap,t
*jurapt,e
*jurapte,r
*jurapter,y
*juraptery,x
*jurapteryx,$
*,j
*j,u
*ju,r
*jur,a
*jura,s
*juras,s
*jurass,o
*jurasso,s
*jurassos,a
*jurassosa,u
*jurassosau,r
*jurassosaur,u
*jurassosauru,s
*jurassosaurus,$
*,j
*j,u
*ju,r
*jur,a
*jura,t
*jurat,y
*juraty,r
*juratyr,a
*juratyra,n
*juratyran,t
*juratyrant,$
*,j
*j,u
*ju,r
*jur,a
*jura,v
*jurav,e
*jurave,n
*juraven,a
*juravena,t
*juravenat,o
*juravenato,r
*juravenator,$
*,k
*k,a
*ka,g
*kag,a
*kaga,s
*kagas,a
*kagasa,u
*kagasau,r
*kagasaur,u
*kagasauru,s
*kagasaurus,$
*,k
*k,a
*ka,i
*kai,j
*kaij,i
*kaiji,a
*kaijia,n
*kaijian,g
*kaijiang,o
*kaijiango,s
*kaijiangos,a
*kaijiangosa,u
*kaijiangosau,r
*kaijiangosaur,u
*kaijiangosauru,s
*kaijiangosaurus,$
*,k
*k,a
*ka,k
*kak,u
*kaku,r
*kakur,u
*kakuru,$
*,k
*k,a
*ka,n
*kan,g
*kang,n
*kangn,a
*kangna,s
*kangnas,a
*kangnasa,u
*kangnasau,r
*kangnasaur,u
*kangnasauru,s
*kangnasaurus,$
*,k
*k,a
*ka,r
*kar,o
*karo,n
*karon,g
*karong,a
*karonga,s
*karongas,a
*karongasa,u
*karongasau,r
*karongasaur,u
*karongasauru,s
*karongasaurus,$
*,k
*k,a
*ka,t
*kat,e
*kate,p
*katep,e
*katepe,n
*katepen,s
*katepens,a
*katepensa,u
*katepensau,r
*katepensaur,u
*katepensauru,s
*katepensaurus,$
*,k
*k,a
*ka,t
*kat,s
*kats,u
*katsu,y
*katsuy,a
*katsuya,m
*katsuyam,a
*katsuyama,s
*katsuyamas,a
*katsuyamasa,u
*katsuyamasau,r
*katsuyamasaur,u
*katsuyamasauru,s
*katsuyamasaurus,$
*,k
*k,a
*ka,y
*kay,e
*kaye,n
*kayen,t
*kayent,a
*kayenta,v
*kayentav,e
*kayentave,n
*kayentaven,a
*kayentavena,t
*kayentavenat,o
*kayentavenato,r
*kayentavenator,$
*,k
*k,a
*ka,z
*kaz,a
*kaza,k
*kazak,l
*kazakl,a
*kazakla,m
*kazaklam,b
*kazaklamb,i
*kazaklambi,a
*kazaklambia,$
*,k
*k,e
*ke,l
*kel,m
*kelm,a
*kelma,y
*kelmay,i
*kelmayi,s
*kelmayis,a
*kelmayisa,u
*kelmayisau,r
*kelmayisaur,u
*kelmayisauru,s
*kelmayisaurus,$
*,k
*k,e
*ke,m
*kem,k
*kemk,e
*kemke,m
*kemkem,i
*kemkemi,a
*kemkemia,k
*kemkemiak,e
*kemkemiake,n
*kemkemiaken,t
*kemkemiakent,r
*kemkemiakentr,o
*kemkemiakentro,s
*kemkemiakentros,a
*kemkemiakentrosa,u
*kemkemiakentrosau,r
*kemkemiakentrosaur,u
*kemkemiakentrosauru,s
*kemkemiakentrosaurus,$
*,k
*k,e
*ke,n
*ken,t
*kent,r
*kentr,u
*kentru,r
*kentrur,o
*kentruro,s
*kentruros,a
*kentrurosa,u
*kentrurosau,r
*kentrurosaur,u
*kentrurosauru,s
*kentrurosaurus,$
*,k
*k,e
*ke,r
*ker,b
*kerb,e
*kerbe,r
*kerber,o
*kerbero,s
*kerberos,a
*kerberosa,u
*kerberosau,r
*kerberosaur,u
*kerberosauru,s
*kerberosaurus,$
*,k
*k,e
*ke,n
*ken,t
*kent,r
*kentr,o
*kentro,s
*kentros,a
*kentrosa,u
*kentrosau,r
*kentrosaur,u
*kentrosauru,s
*kentrosaurus,$
*,k
*k,h
*kh,a
*kha,a
*khaa,n
*khaan,$
*,k
*k,h
*kh,e
*khe,t
*khet,r
*khetr,a
*khetra,n
*khetran,i
*khetrani,s
*khetranis,a
*khetranisa,u
*khetranisau,r
*khetranisaur,u
*khetranisauru,s
*khetranisaurus,$
*,k
*k,i
*ki,l
*kil,e
*kile,s
*kiles,k
*kilesk,u
*kilesku,s
*kileskus,$
*,k
*k,i
*ki,n
*kin,n
*kinn,a
*kinna,r
*kinnar,e
*kinnare,e
*kinnaree,m
*kinnareem,i
*kinnareemi,m
*kinnareemim,u
*kinnareemimu,s
*kinnareemimus,$
*,k
*k,i
*ki,t
*kit,a
*kita,d
*kitad,a
*kitada,n
*kitadan,i
*kitadani,s
*kitadanis,a
*kitadanisa,u
*kitadanisau,r
*kitadanisaur,u
*kitadanisauru,s
*kitadanisaurus,$
*,k
*k,i
*ki,t
*kit,t
*kitt,y
*kitty,s
*kittys,a
*kittysa,u
*kittysau,r
*kittysaur,u
*kittysauru,s
*kittysaurus,$
*,k
*k,l
*kl,a
*kla,m
*klam,e
*klame,l
*klamel,i
*klameli,s
*klamelis,a
*klamelisa,u
*klamelisau,r
*klamelisaur,u
*klamelisauru,s
*klamelisaurus,k
*klamelisaurusk,o
*klamelisaurusko,l
*klamelisauruskol,$
*,k
*k,o
*ko,p
*kop,a
*kopa,r
*kopar,i
*kopari,o
*kopario,n
*koparion,$
*,k
*k,o
*ko,r
*kor,e
*kore,a
*korea,c
*koreac,e
*koreace,r
*koreacer,a
*koreacera,t
*koreacerat,o
*koreacerato,p
*koreaceratop,s
*koreaceratops,$
*,k
*k,o
*ko,r
*kor,e
*kore,a
*korea,n
*korean,o
*koreano,s
*koreanos,a
*koreanosa,u
*koreanosau,r
*koreanosaur,u
*koreanosauru,s
*koreanosaurus,$
*,k
*k,o
*ko,r
*kor,e
*kore,a
*korea,n
*korean,o
*koreano,s
*koreanos,a
*koreanosa,u
*koreanosau,r
*koreanosaur,u
*koreanosauru,s
*koreanosaurus,$
*,k
*k,o
*ko,s
*kos,h
*kosh,i
*koshi,s
*koshis,a
*koshisa,u
*koshisau,r
*koshisaur,u
*koshisauru,s
*koshisaurus,$
*,k
*k,o
*ko,s
*kos,m
*kosm,o
*kosmo,c
*kosmoc,e
*kosmoce,r
*kosmocer,a
*kosmocera,t
*kosmocerat,o
*kosmocerato,p
*kosmoceratop,s
*kosmoceratops,$
*,k
*k,o
*ko,t
*kot,a
*kota,s
*kotas,a
*kotasa,u
*kotasau,r
*kotasaur,u
*kotasauru,s
*kotasaurus,$
*,k
*k,o
*ko,u
*kou,t
*kout,a
*kouta,l
*koutal,i
*koutali,s
*koutalis,a
*koutalisa,u
*koutalisau,r
*koutalisaur,u
*koutalisauru,s
*koutalisaurus,$
*,k
*k,r
*kr,i
*kri,t
*krit,o
*krito,s
*kritos,a
*kritosa,u
*kritosau,r
*kritosaur,u
*kritosauru,s
*kritosaurus,$
*,k
*k,r
*kr,y
*kry,p
*kryp,t
*krypt,o
*krypto,p
*kryptop,s
*kryptops,$
*,k
*k,r
*kr,z
*krz,y
*krzy,z
*krzyz,a
*krzyza,n
*krzyzan,o
*krzyzano,w
*krzyzanow,s
*krzyzanows,k
*krzyzanowsk,i
*krzyzanowski,s
*krzyzanowskis,a
*krzyzanowskisa,u
*krzyzanowskisau,r
*krzyzanowskisaur,u
*krzyzanowskisauru,s
*krzyzanowskisaurus,$
*,k
*k,u
*ku,k
*kuk,u
*kuku,f
*kukuf,e
*kukufe,l
*kukufel,d
*kukufeld,i
*kukufeldi,a
*kukufeldia,$
*,k
*k,u
*ku,l
*kul,c
*kulc,e
*kulce,r
*kulcer,a
*kulcera,t
*kulcerat,o
*kulcerato,p
*kulceratop,s
*kulceratops,$
*,k
*k,u
*ku,l
*kul,i
*kuli,n
*kulin,d
*kulind,a
*kulinda,d
*kulindad,r
*kulindadr,o
*kulindadro,m
*kulindadrom,e
*kulindadrome,u
*kulindadromeu,s
*kulindadromeus,$
*,k
*k,u
*ku,l
*kul,i
*kuli,n
*kulin,d
*kulind,a
*kulinda,p
*kulindap,t
*kulindapt,e
*kulindapte,r
*kulindapter,y
*kulindaptery,x
*kulindapteryx,$
*,k
*k,u
*ku,n
*kun,b
*kunb,a
*kunba,r
*kunbar,r
*kunbarr,a
*kunbarra,s
*kunbarras,a
*kunbarrasa,u
*kunbarrasau,r
*kunbarrasaur,u
*kunbarrasauru,s
*kunbarrasaurus,$
*,k
*k,u
*ku,n
*kun,d
*kund,u
*kundu,r
*kundur,o
*kunduro,s
*kunduros,a
*kundurosa,u
*kundurosau,r
*kundurosaur,u
*kundurosauru,s
*kundurosaurus,$
*,k
*k,u
*ku,n
*kun,m
*kunm,i
*kunmi,n
*kunmin,g
*kunming,o
*kunmingo,s
*kunmingos,a
*kunmingosa,u
*kunmingosau,r
*kunmingosaur,u
*kunmingosauru,s
*kunmingosaurus,$
*,k
*k,u
*ku,s
*kus,z
*kusz,h
*kuszh,o
*kuszho,l
*kuszhol,i
*kuszholi,a
*kuszholia,$
*,l
*l,a
*la,b
*lab,o
*labo,c
*laboc,a
*laboca,n
*labocan,i
*labocani,a
*labocania,$
*,l
*l,a
*la,b
*lab,r
*labr,o
*labro,s
*labros,a
*labrosa,u
*labrosau,r
*labrosaur,u
*labrosauru,s
*labrosaurus,$
*,l
*l,a
*la,e
*lae,l
*lael,a
*laela,p
*laelap,s
*laelaps,$
*,l
*l,a
*la,e
*lae,v
*laev,i
*laevi,s
*laevis,u
*laevisu,c
*laevisuc,h
*laevisuch,u
*laevisuchu,s
*laevisuchus,$
*,l
*l,a
*la,g
*lag,e
*lage,r
*lager,p
*lagerp,e
*lagerpe,t
*lagerpet,o
*lagerpeto,n
*lagerpeton,$
*,l
*l,a
*la,g
*lag,o
*lago,s
*lagos,u
*lagosu,c
*lagosuc,h
*lagosuch,u
*lagosuchu,s
*lagosuchus,$
*,l
*l,a
*la,i
*lai,y
*laiy,a
*laiya,n
*laiyan,g
*laiyang,o
*laiyango,s
*laiyangos,a
*laiyangosa,u
*laiyangosau,r
*laiyangosaur,u
*laiyangosauru,s
*laiyangosaurus,$
*,l
*l,a
*la,m
*lam,a
*lama,c
*lamac,e
*lamace,r
*lamacer,a
*lamacera,t
*lamacerat,o
*lamacerato,p
*lamaceratop,s
*lamaceratops,$
*,l
*l,a
*la,m
*lam,b
*lamb,e
*lambe,o
*lambeo,s
*lambeos,a
*lambeosa,u
*lambeosau,r
*lambeosaur,u
*lambeosauru,s
*lambeosaurus,$
*,l
*l,a
*la,m
*lam,e
*lame,t
*lamet,a
*lameta,s
*lametas,a
*lametasa,u
*lametasau,r
*lametasaur,u
*lametasauru,s
*lametasaurus,$
*,l
*l,a
*la,m
*lam,p
*lamp,l
*lampl,u
*lamplu,g
*lamplug,h
*lamplugh,s
*lamplughs,a
*lamplughsa,u
*lamplughsau,r
*lamplughsaur,a
*lamplughsaura,$
*,l
*l,a
*la,n
*lan,a
*lana,s
*lanas,a
*lanasa,u
*lanasau,r
*lanasaur,u
*lanasauru,s
*lanasaurus,$
*,l
*l,a
*la,n
*lan,c
*lanc,a
*lanca,n
*lancan,g
*lancang,o
*lancango,s
*lancangos,a
*lancangosa,u
*lancangosau,r
*lancangosaur,u
*lancangosauru,s
*lancangosaurus,$
*,l
*l,a
*la,n
*lan,c
*lanc,a
*lanca,n
*lancan,j
*lancanj,i
*lancanji,a
*lancanjia,n
*lancanjian,g
*lancanjiang,o
*lancanjiango,s
*lancanjiangos,a
*lancanjiangosa,u
*lancanjiangosau,r
*lancanjiangosaur,u
*lancanjiangosauru,s
*lancanjiangosaurus,$
*,l
*l,a
*la,n
*lan,z
*lanz,h
*lanzh,o
*lanzho,u
*lanzhou,s
*lanzhous,a
*lanzhousa,u
*lanzhousau,r
*lanzhousaur,u
*lanzhousauru,s
*lanzhousaurus,$
*,l
*l,a
*la,o
*lao,s
*laos,a
*laosa,u
*laosau,r
*laosaur,u
*laosauru,s
*laosaurus,$
*,l
*l,a
*la,p
*lap,a
*lapa,m
*lapam,p
*lapamp,a
*lapampa,s
*lapampas,a
*lapampasa,u
*lapampasau,r
*lapampasaur,u
*lapampasauru,s
*lapampasaurus,$
*,l
*l,a
*la,p
*lap,l
*lapl,a
*lapla,t
*laplat,a
*laplata,s
*laplatas,a
*laplatasa,u
*laplatasau,r
*laplatasaur,u
*laplatasauru,s
*laplatasaurus,$
*,l
*l,a
*la,p
*lap,p
*lapp,a
*lappa,r
*lappar,e
*lappare,n
*lapparen,t
*lapparent,o
*lapparento,s
*lapparentos,a
*lapparentosa,u
*lapparentosau,r
*lapparentosaur,u
*lapparentosauru,s
*lapparentosaurus,$
*,l
*l,a
*la,q
*laq,u
*laqu,i
*laqui,n
*laquin,t
*laquint,a
*laquinta,s
*laquintas,a
*laquintasa,u
*laquintasau,r
*laquintasaur,a
*laquintasaura,$
*,l
*l,a
*la,t
*lat,e
*late,n
*laten,i
*lateni,v
*lateniv,e
*latenive,n
*lateniven,a
*latenivena,t
*latenivenat,r
*latenivenatr,i
*latenivenatri,x
*latenivenatrix,$
*,l
*l,a
*la,t
*lat,i
*lati,r
*latir,h
*latirh,i
*latirhi,n
*latirhin,u
*latirhinu,s
*latirhinus,$
*,l
*l,e
*le,a
*lea,e
*leae,l
*leael,l
*leaell,y
*leaelly,n
*leaellyn,a
*leaellyna,s
*leaellynas,a
*leaellynasa,u
*leaellynasau,r
*leaellynasaur,a
*leaellynasaura,$
*,l
*l,e
*le,i
*lei,n
*lein,k
*leink,u
*leinku,p
*leinkup,a
*leinkupa,l
*leinkupal,$
*,l
*l,e
*le,i
*lei,p
*leip,s
*leips,a
*leipsa,n
*leipsan,o
*leipsano,s
*leipsanos,a
*leipsanosa,u
*leipsanosau,r
*leipsanosaur,u
*leipsanosauru,s
*leipsanosaurus,$
*,l
*l,e
*le,n
*len,g
*leng,o
*lengo,s
*lengos,a
*lengosa,u
*lengosau,r
*lengosaur,u
*lengosauru,s
*lengosaurus,$
*,l
*l,e
*le,o
*leo,n
*leon,e
*leone,r
*leoner,a
*leonera,s
*leoneras,a
*leonerasa,u
*leonerasau,r
*leonerasaur,u
*leonerasauru,s
*leonerasaurus,$
*,l
*l,e
*le,p
*lep,i
*lepi,d
*lepid,o
*lepido,c
*lepidoc,h
*lepidoch,e
*lepidoche,i
*lepidochei,r
*lepidocheir,o
*lepidocheiro,s
*lepidocheiros,a
*lepidocheirosa,u
*lepidocheirosau,r
*lepidocheirosaur,u
*lepidocheirosauru,s
*lepidocheirosaurus,$
*,l
*l,e
*le,p
*lep,i
*lepi,d
*lepid,u
*lepidu,s
*lepidus,$
*,l
*l,e
*le,p
*lep,t
*lept,o
*lepto,c
*leptoc,e
*leptoce,r
*leptocer,a
*leptocera,t
*leptocerat,o
*leptocerato,p
*leptoceratop,s
*leptoceratops,$
*,l
*l,e
*le,p
*lep,t
*lept,o
*lepto,r
*leptor,h
*leptorh,y
*leptorhy,n
*leptorhyn,c
*leptorhync,h
*leptorhynch,o
*leptorhyncho,s
*leptorhynchos,$
*,l
*l,e
*le,p
*lep,t
*lept,o
*lepto,s
*leptos,p
*leptosp,o
*leptospo,n
*leptospon,d
*leptospond,y
*leptospondy,l
*leptospondyl,u
*leptospondylu,s
*leptospondylus,$
*,l
*l,e
*le,s
*les,h
*lesh,a
*lesha,n
*leshan,s
*leshans,a
*leshansa,u
*leshansau,r
*leshansaur,u
*leshansauru,s
*leshansaurus,$
*,l
*l,e
*le,s
*les,o
*leso,t
*lesot,h
*lesoth,o
*lesotho,s
*lesothos,a
*lesothosa,u
*lesothosau,r
*lesothosaur,u
*lesothosauru,s
*lesothosaurus,$
*,l
*l,e
*le,s
*les,s
*less,e
*lesse,m
*lessem,s
*lessems,a
*lessemsa,u
*lessemsau,r
*lessemsaur,u
*lessemsauru,s
*lessemsaurus,$
*,l
*l,e
*le,v
*lev,n
*levn,e
*levne,s
*levnes,o
*levneso,v
*levnesov,i
*levnesovi,a
*levnesovia,$
*,l
*l,e
*le,w
*lew,i
*lewi,s
*lewis,u
*lewisu,c
*lewisuc,h
*lewisuch,u
*lewisuchu,s
*lewisuchus,$
*,l
*l,e
*le,x
*lex,o
*lexo,v
*lexov,i
*lexovi,s
*lexovis,a
*lexovisa,u
*lexovisau,r
*lexovisaur,u
*lexovisauru,s
*lexovisaurus,$
*,l
*l,e
*le,y
*ley,e
*leye,s
*leyes,a
*leyesa,u
*leyesau,r
*leyesaur,u
*leyesauru,s
*leyesaurus,$
*,l
*l,i
*li,a
*lia,o
*liao,c
*liaoc,e
*liaoce,r
*liaocer,a
*liaocera,t
*liaocerat,o
*liaocerato,p
*liaoceratop,s
*liaoceratops,$
*,l
*l,i
*li,a
*lia,o
*liao,n
*liaon,i
*liaoni,n
*liaonin,g
*liaoning,o
*liaoningo,s
*liaoningos,a
*liaoningosa,u
*liaoningosau,r
*liaoningosaur,u
*liaoningosauru,s
*liaoningosaurus,$
*,l
*l,i
*li,a
*lia,o
*liao,n
*liaon,i
*liaoni,n
*liaonin,g
*liaoning,t
*liaoningt,i
*liaoningti,t
*liaoningtit,a
*liaoningtita,n
*liaoningtitan,$
*,l
*l,i
*li,a
*lia,o
*liao,n
*liaon,i
*liaoni,n
*liaonin,g
*liaoning,v
*liaoningv,e
*liaoningve,n
*liaoningven,a
*liaoningvena,t
*liaoningvenat,o
*liaoningvenato,r
*liaoningvenator,$
*,l
*l,i
*li,a
*lia,s
*lias,s
*liass,a
*liassa,u
*liassau,r
*liassaur,u
*liassauru,s
*liassaurus,$
*,l
*l,i
*li,b
*lib,y
*liby,c
*libyc,o
*libyco,s
*libycos,a
*libycosa,u
*libycosau,r
*libycosaur,u
*libycosauru,s
*libycosaurus,$
*,l
*l,i
*li,g
*lig,a
*liga,b
*ligab,u
*ligabu,e
*ligabue,i
*ligabuei,n
*ligabuein,o
*ligabueino,$
*,l
*l,i
*li,g
*lig,a
*liga,b
*ligab,u
*ligabu,e
*ligabue,s
*ligabues,a
*ligabuesa,u
*ligabuesau,r
*ligabuesaur,u
*ligabuesauru,s
*ligabuesaurus,$
*,l
*l,i
*li,g
*lig,o
*ligo,m
*ligom,a
*ligoma,s
*ligomas,a
*ligomasa,u
*ligomasau,r
*ligomasaur,u
*ligomasauru,s
*ligomasaurus,$
*,l
*l,i
*li,k
*lik,h
*likh,o
*likho,e
*likhoe,l
*likhoel,e
*likhoele,s
*likhoeles,a
*likhoelesa,u
*likhoelesau,r
*likhoelesaur,u
*likhoelesauru,s
*likhoelesaurus,$
*,l
*l,i
*li,l
*lil,i
*lili,e
*lilie,n
*lilien,s
*liliens,t
*lilienst,e
*lilienste,r
*lilienster,n
*lilienstern,u
*liliensternu,s
*liliensternus,$
*,l
*l,i
*li,m
*lim,a
*lima,y
*limay,s
*limays,a
*limaysa,u
*limaysau,r
*limaysaur,u
*limaysauru,s
*limaysaurus,$
*,l
*l,i
*li,m
*lim,n
*limn,o
*limno,r
*limnor,n
*limnorn,i
*limnorni,s
*limnornis,$
*,l
*l,i
*li,m
*lim,n
*limn,o
*limno,s
*limnos,a
*limnosa,u
*limnosau,r
*limnosaur,u
*limnosauru,s
*limnosaurus,$
*,l
*l,i
*li,m
*lim,u
*limu,s
*limus,a
*limusa,u
*limusau,r
*limusaur,u
*limusauru,s
*limusaurus,$
*,l
*l,i
*li,n
*lin,h
*linh,e
*linhe,n
*linhen,y
*linheny,k
*linhenyk,u
*linhenyku,s
*linhenykus,$
*,l
*l,i
*li,n
*lin,h
*linh,e
*linhe,r
*linher,a
*linhera,p
*linherap,t
*linherapt,o
*linherapto,r
*linheraptor,$
*,l
*l,i
*li,n
*lin,h
*linh,e
*linhe,v
*linhev,e
*linheve,n
*linheven,a
*linhevena,t
*linhevenat,o
*linhevenato,r
*linhevenator,$
*,l
*l,i
*li,r
*lir,a
*lira,i
*lirai,n
*lirain,o
*liraino,s
*lirainos,a
*lirainosa,u
*lirainosau,r
*lirainosaur,u
*lirainosauru,s
*lirainosaurus,$
*,l
*l,i
*li,s
*lis,b
*lisb,o
*lisbo,a
*lisboa,s
*lisboas,a
*lisboasa,u
*lisboasau,r
*lisboasaur,u
*lisboasauru,s
*lisboasaurus,l
*lisboasaurusl,i
*lisboasaurusli,u
*lisboasaurusliu,b
*lisboasaurusliub,a
*lisboasaurusliuba,n
*lisboasaurusliuban,g
*lisboasaurusliubang,o
*lisboasaurusliubango,s
*lisboasaurusliubangos,a
*lisboasaurusliubangosa,u
*lisboasaurusliubangosau,r
*lisboasaurusliubangosaur,u
*lisboasaurusliubangosauru,s
*lisboasaurusliubangosaurus,$
*,l
*l,o
*lo,h
*loh,u
*lohu,e
*lohue,c
*lohuec,o
*lohueco,t
*lohuecot,i
*lohuecoti,t
*lohuecotit,a
*lohuecotita,n
*lohuecotitan,$
*,l
*l,o
*lo,n
*lon,c
*lonc,o
*lonco,s
*loncos,a
*loncosa,u
*loncosau,r
*loncosaur,u
*loncosauru,s
*loncosaurus,$
*,l
*l,o
*lo,n
*lon,g
*long,i
*longi,s
*longis,q
*longisq,u
*longisqu,a
*longisqua,m
*longisquam,a
*longisquama,$
*,l
*l,o
*lo,n
*lon,g
*long,o
*longo,s
*longos,a
*longosa,u
*longosau,r
*longosaur,u
*longosauru,s
*longosaurus,$
*,l
*l,o
*lo,p
*lop,h
*loph,o
*lopho,r
*lophor,h
*lophorh,o
*lophorho,t
*lophorhot,h
*lophorhoth,o
*lophorhotho,n
*lophorhothon,$
*,l
*l,o
*lo,p
*lop,h
*loph,o
*lopho,s
*lophos,t
*lophost,r
*lophostr,o
*lophostro,p
*lophostrop,h
*lophostroph,e
*lophostrophe,u
*lophostropheu,s
*lophostropheus,$
*,l
*l,o
*lo,r
*lor,i
*lori,c
*loric,a
*lorica,t
*loricat,o
*loricato,s
*loricatos,a
*loricatosa,u
*loricatosau,r
*loricatosaur,u
*loricatosauru,s
*loricatosaurus,$
*,l
*l,o
*lo,r
*lor,i
*lori,c
*loric,o
*lorico,s
*loricos,a
*loricosa,u
*loricosau,r
*loricosaur,u
*loricosauru,s
*loricosaurus,$
*,l
*l,o
*lo,s
*los,i
*losi,l
*losil,l
*losill,a
*losilla,s
*losillas,a
*losillasa,u
*losillasau,r
*losillasaur,u
*losillasauru,s
*losillasaurus,$
*,l
*l,o
*lo,u
*lou,r
*lour,i
*louri,n
*lourin,h
*lourinh,a
*lourinha,n
*lourinhan,o
*lourinhano,s
*lourinhanos,a
*lourinhanosa,u
*lourinhanosau,r
*lourinhanosaur,u
*lourinhanosauru,s
*lourinhanosaurus,$
*,l
*l,o
*lo,u
*lou,r
*lour,i
*louri,n
*lourin,h
*lourinh,a
*lourinha,s
*lourinhas,a
*lourinhasa,u
*lourinhasau,r
*lourinhasaur,u
*lourinhasauru,s
*lourinhasaurus,$
*,l
*l,u
*lu,a
*lua,n
*luan,c
*luanc,h
*luanch,u
*luanchu,a
*luanchua,n
*luanchuan,r
*luanchuanr,a
*luanchuanra,p
*luanchuanrap,t
*luanchuanrapt,o
*luanchuanrapto,r
*luanchuanraptor,$
*,l
*l,u
*lu,a
*lua,n
*luan,p
*luanp,i
*luanpi,n
*luanpin,g
*luanping,o
*luanpingo,s
*luanpingos,a
*luanpingosa,u
*luanpingosau,r
*luanpingosaur,u
*luanpingosauru,s
*luanpingosaurus,$
*,l
*l,u
*lu,c
*luc,i
*luci,a
*lucia,n
*lucian,o
*luciano,s
*lucianos,a
*lucianosa,u
*lucianosau,r
*lucianosaur,u
*lucianosauru,s
*lucianosaurus,$
*,l
*l,u
*lu,c
*luc,i
*luci,a
*lucia,n
*lucian,o
*luciano,v
*lucianov,e
*lucianove,n
*lucianoven,a
*lucianovena,t
*lucianovenat,o
*lucianovenato,r
*lucianovenator,$
*,l
*l,u
*lu,f
*luf,e
*lufe,n
*lufen,g
*lufeng,o
*lufengo,s
*lufengos,a
*lufengosa,u
*lufengosau,r
*lufengosaur,u
*lufengosauru,s
*lufengosaurus,$
*,l
*l,u
*lu,k
*luk,o
*luko,u
*lukou,s
*lukous,a
*lukousa,u
*lukousau,r
*lukousaur,u
*lukousauru,s
*lukousaurus,$
*,l
*l,u
*lu,o
*luo,y
*luoy,a
*luoya,n
*luoyan,g
*luoyang,g
*luoyangg,i
*luoyanggi,a
*luoyanggia,$
*,l
*l,u
*lu,r
*lur,d
*lurd,u
*lurdu,s
*lurdus,a
*lurdusa,u
*lurdusau,r
*lurdusaur,u
*lurdusauru,s
*lurdusaurus,$
*,l
*l,u
*lu,s
*lus,i
*lusi,t
*lusit,a
*lusita,n
*lusitan,o
*lusitano,s
*lusitanos,a
*lusitanosa,u
*lusitanosau,r
*lusitanosaur,u
*lusitanosauru,s
*lusitanosaurus,$
*,l
*l,u
*lu,s
*lus,o
*luso,t
*lusot,i
*lusoti,t
*lusotit,a
*lusotita,n
*lusotitan,$
*,l
*l,y
*ly,c
*lyc,o
*lyco,r
*lycor,h
*lycorh,i
*lycorhi,n
*lycorhin,u
*lycorhinu,s
*lycorhinus,$
*,l
*l,y
*ly,t
*lyt,h
*lyth,r
*lythr,o
*lythro,n
*lythron,a
*lythrona,x
*lythronax,$
*,m
*m,a
*ma,c
*mac,e
*mace,l
*macel,o
*macelo,g
*macelog,n
*macelogn,a
*macelogna,t
*macelognat,h
*macelognath,u
*macelognathu,s
*macelognathus,$
*,m
*m,a
*ma,c
*mac,h
*mach,a
*macha,i
*machai,r
*machair,a
*machaira,s
*machairas,a
*machairasa,u
*machairasau,r
*machairasaur,u
*machairasauru,s
*machairasaurus,$
*,m
*m,a
*ma,c
*mac,h
*mach,a
*macha,i
*machai,r
*machair,o
*machairo,c
*machairoc,e
*machairoce,r
*machairocer,a
*machairocera,t
*machairocerat,o
*machairocerato,p
*machairoceratop,s
*machairoceratops,$
*,m
*m,a
*ma,c
*mac,r
*macr,o
*macro,d
*macrod,o
*macrodo,n
*macrodon,t
*macrodont,o
*macrodonto,p
*macrodontop,h
*macrodontoph,i
*macrodontophi,o
*macrodontophio,n
*macrodontophion,$
*,m
*m,a
*ma,c
*mac,r
*macr,o
*macro,g
*macrog,r
*macrogr,y
*macrogry,p
*macrogryp,h
*macrogryph,o
*macrogrypho,s
*macrogryphos,a
*macrogryphosa,u
*macrogryphosau,r
*macrogryphosaur,u
*macrogryphosauru,s
*macrogryphosaurus,$
*,m
*m,a
*ma,c
*mac,r
*macr,o
*macro,p
*macrop,h
*macroph,a
*macropha,l
*macrophal,a
*macrophala,n
*macrophalan,g
*macrophalang,i
*macrophalangi,a
*macrophalangia,$
*,m
*m,a
*ma,c
*mac,r
*macr,o
*macro,s
*macros,c
*macrosc,e
*macrosce,l
*macroscel,o
*macroscelo,s
*macroscelos,a
*macroscelosa,u
*macroscelosau,r
*macroscelosaur,u
*macroscelosauru,s
*macroscelosaurus,$
*,m
*m,a
*ma,c
*mac,r
*macr,u
*macru,r
*macrur,o
*macruro,s
*macruros,a
*macrurosa,u
*macrurosau,r
*macrurosaur,u
*macrurosauru,s
*macrurosaurus,$
*,m
*m,a
*ma,d
*mad,s
*mads,e
*madse,n
*madsen,i
*madseni,u
*madseniu,s
*madsenius,$
*,m
*m,a
*ma,g
*mag,n
*magn,a
*magna,p
*magnap,a
*magnapa,u
*magnapau,l
*magnapaul,i
*magnapauli,a
*magnapaulia,$
*,m
*m,a
*ma,g
*mag,n
*magn,a
*magna,m
*magnam,a
*magnama,n
*magnaman,u
*magnamanu,s
*magnamanus,$
*,m
*m,a
*ma,g
*mag,n
*magn,i
*magni,r
*magnir,o
*magniro,s
*magniros,t
*magnirost,r
*magnirostr,i
*magnirostri,s
*magnirostris,$
*,m
*m,a
*ma,g
*mag,n
*magn,o
*magno,s
*magnos,a
*magnosa,u
*magnosau,r
*magnosaur,u
*magnosauru,s
*magnosaurus,$
*,m
*m,a
*ma,g
*mag,u
*magu,l
*magul,o
*magulo,d
*magulod,o
*magulodo,n
*magulodon,$
*,m
*m,a
*ma,g
*mag,y
*magy,a
*magya,r
*magyar,o
*magyaro,s
*magyaros,a
*magyarosa,u
*magyarosau,r
*magyarosaur,u
*magyarosauru,s
*magyarosaurus,$
*,m
*m,a
*ma,h
*mah,a
*maha,k
*mahak,a
*mahaka,l
*mahakal,a
*mahakala,$
*,m
*m,a
*ma,i
*mai,a
*maia,s
*maias,a
*maiasa,u
*maiasau,r
*maiasaur,a
*maiasaura,$
*,m
*m,a
*ma,j
*maj,u
*maju,n
*majun,g
*majung,a
*majunga,s
*majungas,a
*majungasa,u
*majungasau,r
*majungasaur,u
*majungasauru,s
*majungasaurus,$
*,m
*m,a
*ma,j
*maj,u
*maju,n
*majun,g
*majung,a
*majunga,t
*majungat,h
*majungath,o
*majungatho,l
*majungathol,u
*majungatholu,s
*majungatholus,$
*,m
*m,a
*ma,l
*mal,a
*mala,r
*malar,g
*malarg,u
*malargu,e
*malargue,s
*malargues,a
*malarguesa,u
*malarguesau,r
*malarguesaur,u
*malarguesauru,s
*malarguesaurus,$
*,m
*m,a
*ma,l
*mal,a
*mala,w
*malaw,i
*malawi,s
*malawis,a
*malawisa,u
*malawisau,r
*malawisaur,u
*malawisauru,s
*malawisaurus,$
*,m
*m,a
*ma,l
*mal,e
*male,e
*malee,v
*maleev,o
*maleevo,s
*maleevos,a
*maleevosa,u
*maleevosau,r
*maleevosaur,u
*maleevosauru,s
*maleevosaurus,$
*,m
*m,a
*ma,l
*mal,e
*male,e
*malee,v
*maleev,u
*maleevu,s
*maleevus,$
*,m
*m,a
*ma,m
*mam,e
*mame,n
*mamen,c
*mamenc,h
*mamench,i
*mamenchi,s
*mamenchis,a
*mamenchisa,u
*mamenchisau,r
*mamenchisaur,u
*mamenchisauru,s
*mamenchisaurus,$
*,m
*m,a
*ma,n
*man,i
*mani,d
*manid,e
*manide,n
*maniden,s
*manidens,$
*,m
*m,a
*ma,n
*man,d
*mand,s
*mands,c
*mandsc,h
*mandsch,u
*mandschu,r
*mandschur,o
*mandschuro,s
*mandschuros,a
*mandschurosa,u
*mandschurosau,r
*mandschurosaur,u
*mandschurosauru,s
*mandschurosaurus,$
*,m
*m,a
*ma,n
*man,o
*mano,s
*manos,p
*manosp,o
*manospo,n
*manospon,d
*manospond,y
*manospondy,l
*manospondyl,u
*manospondylu,s
*manospondylus,$
*,m
*m,a
*ma,n
*man,t
*mant,e
*mante,l
*mantel,l
*mantell,i
*mantelli,s
*mantellis,a
*mantellisa,u
*mantellisau,r
*mantellisaur,u
*mantellisauru,s
*mantellisaurus,$
*,m
*m,a
*ma,n
*man,t
*mant,e
*mante,l
*mantel,l
*mantell,o
*mantello,d
*mantellod,o
*mantellodo,n
*mantellodon,$
*,m
*m,a
*ma,p
*map,u
*mapu,s
*mapus,a
*mapusa,u
*mapusau,r
*mapusaur,u
*mapusauru,s
*mapusaurus,$
*,m
*m,a
*ma,r
*mar,a
*mara,s
*maras,u
*marasu,c
*marasuc,h
*marasuch,u
*marasuchu,s
*marasuchus,$
*,m
*m,a
*ma,r
*mar,i
*mari,s
*maris,a
*marisa,u
*marisau,r
*marisaur,u
*marisauru,s
*marisaurus,$
*,m
*m,a
*ma,r
*mar,m
*marm,a
*marma,r
*marmar,o
*marmaro,s
*marmaros,p
*marmarosp,o
*marmarospo,n
*marmarospon,d
*marmarospond,y
*marmarospondy,l
*marmarospondyl,u
*marmarospondylu,s
*marmarospondylus,$
*,m
*m,a
*ma,r
*mar,s
*mars,h
*marsh,o
*marsho,s
*marshos,a
*marshosa,u
*marshosau,r
*marshosaur,u
*marshosauru,s
*marshosaurus,$
*,m
*m,a
*ma,r
*mar,t
*mart,h
*marth,a
*martha,r
*marthar,a
*marthara,p
*martharap,t
*martharapt,o
*martharapto,r
*martharaptor,$
*,m
*m,a
*ma,s
*mas,i
*masi,a
*masia,k
*masiak,a
*masiaka,s
*masiakas,a
*masiakasa,u
*masiakasau,r
*masiakasaur,u
*masiakasauru,s
*masiakasaurus,$
*,m
*m,a
*ma,s
*mas,s
*mass,o
*masso,s
*massos,p
*massosp,o
*massospo,n
*massospon,d
*massospond,y
*massospondy,l
*massospondyl,u
*massospondylu,s
*massospondylus,$
*,m
*m,a
*ma,t
*mat,h
*math,e
*mathe,r
*mather,o
*mathero,n
*matheron,o
*matherono,d
*matheronod,o
*matheronodo,n
*matheronodon,$
*,m
*m,a
*ma,x
*max,a
*maxa,k
*maxak,a
*maxaka,l
*maxakal,i
*maxakali,s
*maxakalis,a
*maxakalisa,u
*maxakalisau,r
*maxakalisaur,u
*maxakalisauru,s
*maxakalisaurus,$
*,m
*m,e
*me,d
*med,u
*medu,s
*medus,a
*medusa,c
*medusac,e
*medusace,r
*medusacer,a
*medusacera,t
*medusacerat,o
*medusacerato,p
*medusaceratop,s
*medusaceratops,$
*,m
*m,e
*me,g
*meg,a
*mega,c
*megac,e
*megace,r
*megacer,v
*megacerv,i
*megacervi,x
*megacervix,o
*megacervixo,s
*megacervixos,a
*megacervixosa,u
*megacervixosau,r
*megacervixosaur,u
*megacervixosauru,s
*megacervixosaurus,$
*,m
*m,e
*me,g
*meg,a
*mega,d
*megad,a
*megada,c
*megadac,t
*megadact,y
*megadacty,l
*megadactyl,u
*megadactylu,s
*megadactylus,$
*,m
*m,e
*me,g
*meg,a
*mega,d
*megad,o
*megado,n
*megadon,t
*megadont,o
*megadonto,s
*megadontos,a
*megadontosa,u
*megadontosau,r
*megadontosaur,u
*megadontosauru,s
*megadontosaurus,$
*,m
*m,e
*me,g
*meg,a
*mega,l
*megal,o
*megalo,s
*megalos,a
*megalosa,u
*megalosau,r
*megalosaur,u
*megalosauru,s
*megalosaurus,$
*,m
*m,e
*me,g
*meg,a
*mega,p
*megap,n
*megapn,o
*megapno,s
*megapnos,a
*megapnosa,u
*megapnosau,r
*megapnosaur,u
*megapnosauru,s
*megapnosaurus,$
*,m
*m,e
*me,g
*meg,a
*mega,r
*megar,a
*megara,p
*megarap,t
*megarapt,o
*megarapto,r
*megaraptor,$
*,m
*m,e
*me,i
*mei,$
*,m
*m,e
*me,l
*mel,a
*mela,n
*melan,o
*melano,r
*melanor,o
*melanoro,s
*melanoros,a
*melanorosa,u
*melanorosau,r
*melanorosaur,u
*melanorosauru,s
*melanorosaurus,$
*,m
*m,e
*me,n
*men,d
*mend,o
*mendo,z
*mendoz,a
*mendoza,s
*mendozas,a
*mendozasa,u
*mendozasau,r
*mendozasaur,u
*mendozasauru,s
*mendozasaurus,$
*,m
*m,e
*me,r
*mer,c
*merc,u
*mercu,r
*mercur,i
*mercuri,c
*mercuric,e
*mercurice,r
*mercuricer,a
*mercuricera,t
*mercuricerat,o
*mercuricerato,p
*mercuriceratop,s
*mercuriceratops,$
*,m
*m,e
*me,r
*mer,o
*mero,k
*merok,t
*merokt,e
*merokte,n
*merokten,o
*merokteno,s
*meroktenos,$
*,m
*m,e
*me,t
*met,r
*metr,i
*metri,a
*metria,c
*metriac,a
*metriaca,n
*metriacan,t
*metriacant,h
*metriacanth,o
*metriacantho,s
*metriacanthos,a
*metriacanthosa,u
*metriacanthosau,r
*metriacanthosaur,u
*metriacanthosauru,s
*metriacanthosaurus,$
*,m
*m,i
*mi,c
*mic,r
*micr,o
*micro,c
*microc,e
*microce,p
*microcep,h
*microceph,a
*microcepha,l
*microcephal,e
*microcephale,$
*,m
*m,i
*mi,c
*mic,r
*micr,o
*micro,c
*microc,e
*microce,r
*microcer,a
*microcera,t
*microcerat,o
*microcerato,p
*microceratop,s
*microceratops,$
*,m
*m,i
*mi,c
*mic,r
*micr,o
*micro,c
*microc,e
*microce,r
*microcer,a
*microcera,t
*microcerat,u
*microceratu,s
*microceratus,$
*,m
*m,i
*mi,c
*mic,r
*micr,o
*micro,c
*microc,o
*microco,e
*microcoe,l
*microcoel,u
*microcoelu,s
*microcoelus,$
*,m
*m,i
*mi,c
*mic,r
*micr,o
*micro,d
*microd,o
*microdo,n
*microdon,t
*microdont,o
*microdonto,s
*microdontos,a
*microdontosa,u
*microdontosau,r
*microdontosaur,u
*microdontosauru,s
*microdontosaurus,$
*,m
*m,i
*mi,c
*mic,r
*micr,o
*micro,h
*microh,a
*microha,d
*microhad,r
*microhadr,o
*microhadro,s
*microhadros,a
*microhadrosa,u
*microhadrosau,r
*microhadrosaur,u
*microhadrosauru,s
*microhadrosaurus,$
*,m
*m,i
*mi,c
*mic,r
*micr,o
*micro,p
*microp,a
*micropa,c
*micropac,h
*micropach,y
*micropachy,c
*micropachyc,e
*micropachyce,p
*micropachycep,h
*micropachyceph,a
*micropachycepha,l
*micropachycephal,o
*micropachycephalo,s
*micropachycephalos,a
*micropachycephalosa,u
*micropachycephalosau,r
*micropachycephalosaur,u
*micropachycephalosauru,s
*micropachycephalosaurus,$
*,m
*m,i
*mi,c
*mic,r
*micr,o
*micro,r
*micror,a
*microra,p
*microrap,t
*microrapt,o
*microrapto,r
*microraptor,$
*,m
*m,i
*mi,c
*mic,r
*micr,o
*micro,v
*microv,e
*microve,n
*microven,a
*microvena,t
*microvenat,o
*microvenato,r
*microvenator,$
*,m
*m,i
*mi,e
*mie,r
*mier,a
*miera,s
*mieras,a
*mierasa,u
*mierasau,r
*mierasaur,u
*mierasauru,s
*mierasaurus,$
*,m
*m,i
*mi,f
*mif,u
*mifu,n
*mifun,e
*mifune,s
*mifunes,a
*mifunesa,u
*mifunesau,r
*mifunesaur,u
*mifunesauru,s
*mifunesaurus,$
*,m
*m,i
*mi,n
*min,m
*minm,i
*minmi,$
*,m
*m,i
*mi,n
*min,o
*mino,t
*minot,a
*minota,u
*minotau,r
*minotaur,a
*minotaura,s
*minotauras,a
*minotaurasa,u
*minotaurasau,r
*minotaurasaur,u
*minotaurasauru,s
*minotaurasaurus,$
*,m
*m,i
*mi,r
*mir,a
*mira,g
*mirag,a
*miraga,i
*miragai,a
*miragaia,$
*,m
*m,i
*mi,r
*mir,i
*miri,s
*miris,c
*mirisc,h
*mirisch,i
*mirischi,a
*mirischia,$
*,m
*m,o
*mo,a
*moa,b
*moab,o
*moabo,s
*moabos,a
*moabosa,u
*moabosau,r
*moabosaur,u
*moabosauru,s
*moabosaurus,$
*,m
*m,o
*mo,c
*moc,h
*moch,l
*mochl,o
*mochlo,d
*mochlod,o
*mochlodo,n
*mochlodon,$
*,m
*m,o
*mo,h
*moh,a
*moha,m
*moham,m
*mohamm,a
*mohamma,d
*mohammad,i
*mohammadi,s
*mohammadis,a
*mohammadisa,u
*mohammadisau,r
*mohammadisaur,u
*mohammadisauru,s
*mohammadisaurus,$
*,m
*m,o
*mo,j
*moj,o
*mojo,c
*mojoc,e
*mojoce,r
*mojocer,a
*mojocera,t
*mojocerat,o
*mojocerato,p
*mojoceratop,s
*mojoceratops,$
*,m
*m,o
*mo,n
*mon,g
*mong,o
*mongo,l
*mongol,o
*mongolo,s
*mongolos,a
*mongolosa,u
*mongolosau,r
*mongolosaur,u
*mongolosauru,s
*mongolosaurus,$
*,m
*m,o
*mo,n
*mon,k
*monk,o
*monko,n
*monkon,o
*monkono,s
*monkonos,a
*monkonosa,u
*monkonosau,r
*monkonosaur,u
*monkonosauru,s
*monkonosaurus,$
*,m
*m,o
*mo,n
*mon,o
*mono,c
*monoc,l
*monocl,o
*monoclo,n
*monoclon,i
*monocloni,u
*monocloniu,s
*monoclonius,$
*,m
*m,o
*mo,n
*mon,o
*mono,l
*monol,o
*monolo,p
*monolop,h
*monoloph,o
*monolopho,s
*monolophos,a
*monolophosa,u
*monolophosau,r
*monolophosaur,u
*monolophosauru,s
*monolophosaurus,$
*,m
*m,o
*mo,n
*mon,o
*mono,n
*monon,y
*monony,c
*mononyc,h
*mononych,u
*mononychu,s
*mononychus,$
*,m
*m,o
*mo,n
*mon,o
*mono,n
*monon,y
*monony,k
*mononyk,u
*mononyku,s
*mononykus,$
*,m
*m,o
*mo,n
*mon,t
*mont,a
*monta,n
*montan,o
*montano,c
*montanoc,e
*montanoce,r
*montanocer,a
*montanocera,t
*montanocerat,o
*montanocerato,p
*montanoceratop,s
*montanoceratops,$
*,m
*m,o
*mo,r
*mor,e
*more,l
*morel,l
*morell,a
*morella,d
*morellad,o
*morellado,n
*morelladon,$
*,m
*m,o
*mo,r
*mor,i
*mori,n
*morin,o
*morino,s
*morinos,a
*morinosa,u
*morinosau,r
*morinosaur,u
*morinosauru,s
*morinosaurus,$
*,m
*m,o
*mo,r
*mor,o
*moro,s
*moros,a
*morosa,u
*morosau,r
*morosaur,u
*morosauru,s
*morosaurus,$
*,m
*m,o
*mo,r
*mor,r
*morr,o
*morro,s
*morros,a
*morrosa,u
*morrosau,r
*morrosaur,u
*morrosauru,s
*morrosaurus,$
*,m
*m,o
*mo,s
*mos,a
*mosa,i
*mosai,c
*mosaic,e
*mosaice,r
*mosaicer,a
*mosaicera,t
*mosaicerat,o
*mosaicerato,p
*mosaiceratop,s
*mosaiceratops,$
*,m
*m,o
*mo,s
*mos,h
*mosh,i
*moshi,s
*moshis,a
*moshisa,u
*moshisau,r
*moshisaur,u
*moshisauru,s
*moshisaurus,$
*,m
*m,t
*mt,a
*mta,p
*mtap,a
*mtapa,i
*mtapai,a
*mtapaia,s
*mtapaias,a
*mtapaiasa,u
*mtapaiasau,r
*mtapaiasaur,u
*mtapaiasauru,s
*mtapaiasaurus,$
*,m
*m,t
*mt,o
*mto,t
*mtot,o
*mtoto,s
*mtotos,a
*mtotosa,u
*mtotosau,r
*mtotosaur,u
*mtotosauru,s
*mtotosaurus,$
*,m
*m,u
*mu,r
*mur,u
*muru,s
*murus,r
*murusr,a
*murusra,p
*murusrap,t
*murusrapt,o
*murusrapto,r
*murusraptor,$
*,m
*m,u
*mu,s
*mus,s
*muss,a
*mussa,u
*mussau,r
*mussaur,u
*mussauru,s
*mussaurus,$
*,m
*m,u
*mu,t
*mut,t
*mutt,a
*mutta,b
*muttab,u
*muttabu,r
*muttabur,r
*muttaburr,a
*muttaburra,s
*muttaburras,a
*muttaburrasa,u
*muttaburrasau,r
*muttaburrasaur,u
*muttaburrasauru,s
*muttaburrasaurus,$
*,m
*m,u
*mu,y
*muy,e
*muye,l
*muyel,e
*muyele,n
*muyelen,s
*muyelens,a
*muyelensa,u
*muyelensau,r
*muyelensaur,u
*muyelensauru,s
*muyelensaurus,$
*,m
*m,y
*my,m
*mym,o
*mymo,o
*mymoo,r
*mymoor,a
*mymoora,p
*mymoorap,e
*mymoorape,l
*mymoorapel,t
*mymoorapelt,a
*mymoorapelta,$
*,n
*n,a
*na,a
*naa,s
*naas,h
*naash,o
*naasho,i
*naashoi,b
*naashoib,i
*naashoibi,t
*naashoibit,o
*naashoibito,s
*naashoibitos,a
*naashoibitosa,u
*naashoibitosau,r
*naashoibitosaur,u
*naashoibitosauru,s
*naashoibitosaurus,$
*,n
*n,a
*na,m
*nam,b
*namb,a
*namba,l
*nambal,i
*nambali,a
*nambalia,$
*,n
*n,a
*na,n
*nan,k
*nank,a
*nanka,n
*nankan,g
*nankang,i
*nankangi,a
*nankangia,$
*,n
*n,a
*na,n
*nan,n
*nann,i
*nanni,n
*nannin,g
*nanning,o
*nanningo,s
*nanningos,a
*nanningosa,u
*nanningosau,r
*nanningosaur,u
*nanningosauru,s
*nanningosaurus,$
*,n
*n,a
*na,n
*nan,o
*nano,s
*nanos,a
*nanosa,u
*nanosau,r
*nanosaur,u
*nanosauru,s
*nanosaurus,$
*,n
*n,a
*na,n
*nan,o
*nano,t
*nanot,y
*nanoty,r
*nanotyr,a
*nanotyra,n
*nanotyran,n
*nanotyrann,u
*nanotyrannu,s
*nanotyrannus,$
*,n
*n,a
*na,n
*nan,s
*nans,h
*nansh,i
*nanshi,u
*nanshiu,n
*nanshiun,g
*nanshiung,o
*nanshiungo,s
*nanshiungos,a
*nanshiungosa,u
*nanshiungosau,r
*nanshiungosaur,u
*nanshiungosauru,s
*nanshiungosaurus,$
*,n
*n,a
*na,n
*nan,u
*nanu,q
*nanuq,s
*nanuqs,a
*nanuqsa,u
*nanuqsau,r
*nanuqsaur,u
*nanuqsauru,s
*nanuqsaurus,$
*,n
*n,a
*na,n
*nan,y
*nany,a
*nanya,n
*nanyan,g
*nanyang,o
*nanyango,s
*nanyangos,a
*nanyangosa,u
*nanyangosau,r
*nanyangosaur,u
*nanyangosauru,s
*nanyangosaurus,$
*,n
*n,a
*na,r
*nar,a
*nara,m
*naram,b
*naramb,u
*narambu,e
*narambue,n
*narambuen,a
*narambuena,t
*narambuenat,i
*narambuenati,t
*narambuenatit,a
*narambuenatita,n
*narambuenatitan,$
*,n
*n,a
*na,s
*nas,u
*nasu,t
*nasut,o
*nasuto,c
*nasutoc,e
*nasutoce,r
*nasutocer,a
*nasutocera,t
*nasutocerat,o
*nasutocerato,p
*nasutoceratop,s
*nasutoceratops,$
*,n
*n,a
*na,t
*nat,r
*natr,o
*natro,n
*natron,a
*natrona,s
*natronas,a
*natronasa,u
*natronasau,r
*natronasaur,u
*natronasauru,s
*natronasaurus,$
*,n
*n,e
*ne,b
*neb,u
*nebu,l
*nebul,a
*nebula,s
*nebulas,a
*nebulasa,u
*nebulasau,r
*nebulasaur,u
*nebulasauru,s
*nebulasaurus,$
*,n
*n,e
*ne,c
*nec,t
*nect,o
*necto,s
*nectos,a
*nectosa,u
*nectosau,r
*nectosaur,u
*nectosauru,s
*nectosaurus,$
*,n
*n,e
*ne,d
*ned,c
*nedc,o
*nedco,l
*nedcol,b
*nedcolb,e
*nedcolbe,r
*nedcolber,t
*nedcolbert,i
*nedcolberti,a
*nedcolbertia,$
*,n
*n,e
*ne,d
*ned,o
*nedo,c
*nedoc,e
*nedoce,r
*nedocer,a
*nedocera,t
*nedocerat,o
*nedocerato,p
*nedoceratop,s
*nedoceratops,$
*,n
*n,e
*ne,i
*nei,m
*neim,o
*neimo,n
*neimon,g
*neimong,o
*neimongo,s
*neimongos,a
*neimongosa,u
*neimongosau,r
*neimongosaur,u
*neimongosauru,s
*neimongosaurus,$
*,n
*n,e
*ne,m
*nem,e
*neme,g
*nemeg,t
*nemegt,i
*nemegti,a
*nemegtia,$
*,n
*n,e
*ne,m
*nem,e
*neme,g
*nemeg,t
*nemegt,o
*nemegto,m
*nemegtom,a
*nemegtoma,i
*nemegtomai,a
*nemegtomaia,$
*,n
*n,e
*ne,m
*nem,e
*neme,g
*nemeg,t
*nemegt,o
*nemegto,s
*nemegtos,a
*nemegtosa,u
*nemegtosau,r
*nemegtosaur,u
*nemegtosauru,s
*nemegtosaurus,$
*,n
*n,e
*ne,o
*neo,s
*neos,a
*neosa,u
*neosau,r
*neosaur,u
*neosauru,s
*neosaurus,$
*,n
*n,e
*ne,o
*neo,s
*neos,o
*neoso,d
*neosod,o
*neosodo,n
*neosodon,$
*,n
*n,e
*ne,o
*neo,v
*neov,e
*neove,n
*neoven,a
*neovena,t
*neovenat,o
*neovenato,r
*neovenator,$
*,n
*n,e
*ne,u
*neu,q
*neuq,u
*neuqu,e
*neuque,n
*neuquen,r
*neuquenr,a
*neuquenra,p
*neuquenrap,t
*neuquenrapt,o
*neuquenrapto,r
*neuquenraptor,$
*,n
*n,e
*ne,u
*neu,q
*neuq,u
*neuqu,e
*neuque,n
*neuquen,s
*neuquens,a
*neuquensa,u
*neuquensau,r
*neuquensaur,u
*neuquensauru,s
*neuquensaurus,$
*,n
*n,e
*ne,w
*new,t
*newt,o
*newto,n
*newton,s
*newtons,a
*newtonsa,u
*newtonsau,r
*newtonsaur,u
*newtonsauru,s
*newtonsaurus,$
*,n
*n,g
*ng,e
*nge,x
*ngex,i
*ngexi,s
*ngexis,a
*ngexisa,u
*ngexisau,r
*ngexisaur,u
*ngexisauru,s
*ngexisaurus,$
*,n
*n,i
*ni,c
*nic,k
*nick,s
*nicks,a
*nicksa,u
*nicksau,r
*nicksaur,u
*nicksauru,s
*nicksaurus,$
*,n
*n,i
*ni,g
*nig,e
*nige,r
*niger,s
*nigers,a
*nigersa,u
*nigersau,r
*nigersaur,u
*nigersauru,s
*nigersaurus,$
*,n
*n,i
*ni,n
*nin,g
*ning,y
*ningy,u
*ningyu,a
*ningyua,n
*ningyuan,s
*ningyuans,a
*ningyuansa,u
*ningyuansau,r
*ningyuansaur,u
*ningyuansauru,s
*ningyuansaurus,$
*,n
*n,i
*ni,o
*nio,b
*niob,r
*niobr,a
*niobra,r
*niobrar,a
*niobrara,s
*niobraras,a
*niobrarasa,u
*niobrarasau,r
*niobrarasaur,u
*niobrarasauru,s
*niobrarasaurus,$
*,n
*n,i
*ni,p
*nip,p
*nipp,o
*nippo,n
*nippon,o
*nippono,s
*nipponos,a
*nipponosa,u
*nipponosau,r
*nipponosaur,u
*nipponosauru,s
*nipponosaurus,$
*,n
*n,o
*no,a
*noa,s
*noas,a
*noasa,u
*noasau,r
*noasaur,u
*noasauru,s
*noasaurus,$
*,n
*n,o
*no,d
*nod,o
*nodo,c
*nodoc,e
*nodoce,p
*nodocep,h
*nodoceph,a
*nodocepha,l
*nodocephal,o
*nodocephalo,s
*nodocephalos,a
*nodocephalosa,u
*nodocephalosau,r
*nodocephalosaur,u
*nodocephalosauru,s
*nodocephalosaurus,$
*,n
*n,o
*no,d
*nod,o
*nodo,s
*nodos,a
*nodosa,u
*nodosau,r
*nodosaur,u
*nodosauru,s
*nodosaurus,$
*,n
*n,o
*no,m
*nom,i
*nomi,n
*nomin,g
*noming,i
*nomingi,a
*nomingia,$
*,n
*n,o
*no,p
*nop,c
*nopc,s
*nopcs,a
*nopcsa,s
*nopcsas,p
*nopcsasp,o
*nopcsaspo,n
*nopcsaspon,d
*nopcsaspond,y
*nopcsaspondy,l
*nopcsaspondyl,u
*nopcsaspondylu,s
*nopcsaspondylus,$
*,n
*n,o
*no,r
*nor,m
*norm,a
*norma,n
*norman,n
*normann,i
*normanni,a
*normannia,s
*normannias,a
*normanniasa,u
*normanniasau,r
*normanniasaur,u
*normanniasauru,s
*normanniasaurus,$
*,n
*n,o
*no,t
*not,h
*noth,r
*nothr,o
*nothro,n
*nothron,y
*nothrony,c
*nothronyc,h
*nothronych,u
*nothronychu,s
*nothronychus,$
*,n
*n,o
*no,t
*not,o
*noto,c
*notoc,e
*notoce,r
*notocer,a
*notocera,t
*notocerat,o
*notocerato,p
*notoceratop,s
*notoceratops,$
*,n
*n,o
*no,t
*not,o
*noto,c
*notoc,o
*notoco,l
*notocol,o
*notocolo,s
*notocolos,s
*notocoloss,u
*notocolossu,s
*notocolossus,$
*,n
*n,o
*no,t
*not,o
*noto,h
*notoh,y
*notohy,p
*notohyp,s
*notohyps,i
*notohypsi,l
*notohypsil,o
*notohypsilo,p
*notohypsilop,h
*notohypsiloph,o
*notohypsilopho,d
*notohypsilophod,o
*notohypsilophodo,n
*notohypsilophodon,$
*,n
*n,q
*nq,w
*nqw,e
*nqwe,b
*nqweb,a
*nqweba,s
*nqwebas,a
*nqwebasa,u
*nqwebasau,r
*nqwebasaur,u
*nqwebasauru,s
*nqwebasaurus,$
*,n
*n,t
*nt,e
*nte,r
*nter,e
*ntere,g
*ntereg,o
*nterego,s
*nteregos,a
*nteregosa,u
*nteregosau,r
*nteregosaur,u
*nteregosauru,s
*nteregosaurus,$
*,n
*n,u
*nu,r
*nur,o
*nuro,s
*nuros,a
*nurosa,u
*nurosau,r
*nurosaur,u
*nurosauru,s
*nurosaurus,$
*,n
*n,u
*nu,t
*nut,h
*nuth,e
*nuthe,t
*nuthet,e
*nuthete,s
*nuthetes,$
*,n
*n,y
*ny,a
*nya,s
*nyas,a
*nyasa,s
*nyasas,a
*nyasasa,u
*nyasasau,r
*nyasasaur,u
*nyasasauru,s
*nyasasaurus,$
*,n
*n,y
*ny,o
*nyo,r
*nyor,o
*nyoro,r
*nyoror,o
*nyororo,s
*nyororos,a
*nyororosa,u
*nyororosau,r
*nyororosaur,u
*nyororosauru,s
*nyororosaurus,$
*,o
*o,h
*oh,m
*ohm,d
*ohmd,e
*ohmde,n
*ohmden,o
*ohmdeno,s
*ohmdenos,a
*ohmdenosa,u
*ohmdenosau,r
*ohmdenosaur,u
*ohmdenosauru,s
*ohmdenosaurus,$
*,o
*o,j
*oj,o
*ojo,c
*ojoc,e
*ojoce,r
*ojocer,a
*ojocera,t
*ojocerat,o
*ojocerato,p
*ojoceratop,s
*ojoceratops,$
*,o
*o,j
*oj,o
*ojo,r
*ojor,a
*ojora,p
*ojorap,t
*ojorapt,o
*ojorapto,r
*ojoraptor,s
*ojoraptors,a
*ojoraptorsa,u
*ojoraptorsau,r
*ojoraptorsaur,u
*ojoraptorsauru,s
*ojoraptorsaurus,$
*,o
*o,l
*ol,i
*oli,g
*olig,o
*oligo,s
*oligos,a
*oligosa,u
*oligosau,r
*oligosaur,u
*oligosauru,s
*oligosaurus,$
*,o
*o,l
*ol,o
*olo,r
*olor,o
*oloro,t
*olorot,i
*oloroti,t
*olorotit,a
*olorotita,n
*olorotitan,$
*,o
*o,m
*om,e
*ome,i
*omei,s
*omeis,a
*omeisa,u
*omeisau,r
*omeisaur,u
*omeisauru,s
*omeisaurus,$
*,o
*o,m
*om,o
*omo,s
*omos,a
*omosa,u
*omosau,r
*omosaur,u
*omosauru,s
*omosaurus,$
*,o
*o,n
*on,y
*ony,c
*onyc,h
*onych,o
*onycho,s
*onychos,a
*onychosa,u
*onychosau,r
*onychosaur,u
*onychosauru,s
*onychosaurus,$
*,o
*o,o
*oo,h
*ooh,k
*oohk,o
*oohko,t
*oohkot,o
*oohkoto,k
*oohkotok,i
*oohkotoki,a
*oohkotokia,$
*,o
*o,p
*op,i
*opi,s
*opis,t
*opist,h
*opisth,o
*opistho,c
*opisthoc,o
*opisthoco,e
*opisthocoe,l
*opisthocoel,i
*opisthocoeli,c
*opisthocoelic,a
*opisthocoelica,u
*opisthocoelicau,d
*opisthocoelicaud,i
*opisthocoelicaudi,a
*opisthocoelicaudia,$
*,o
*o,p
*op,l
*opl,o
*oplo,s
*oplos,a
*oplosa,u
*oplosau,r
*oplosaur,u
*oplosauru,s
*oplosaurus,$
*,o
*o,r
*or,c
*orc,o
*orco,m
*orcom,i
*orcomi,m
*orcomim,u
*orcomimu,s
*orcomimus,$
*,o
*o,r
*or,i
*ori,n
*orin,o
*orino,s
*orinos,a
*orinosa,u
*orinosau,r
*orinosaur,u
*orinosauru,s
*orinosaurus,o
*orinosauruso,r
*orinosaurusor,k
*orinosaurusork,o
*orinosaurusorko,r
*orinosaurusorkor,a
*orinosaurusorkora,p
*orinosaurusorkorap,t
*orinosaurusorkorapt,o
*orinosaurusorkorapto,r
*orinosaurusorkoraptor,$
*,o
*o,r
*or,n
*orn,a
*orna,t
*ornat,o
*ornato,t
*ornatot,h
*ornatoth,o
*ornatotho,l
*ornatothol,u
*ornatotholu,s
*ornatotholus,o
*ornatotholuso,r
*ornatotholusor,n
*ornatotholusorn,i
*ornatotholusorni,t
*ornatotholusornit,h
*ornatotholusornith,o
*ornatotholusornitho,d
*ornatotholusornithod,e
*ornatotholusornithode,s
*ornatotholusornithodes,m
*ornatotholusornithodesm,u
*ornatotholusornithodesmu,s
*ornatotholusornithodesmus,$
*,o
*o,r
*or,n
*orn,i
*orni,t
*ornit,h
*ornith,o
*ornitho,i
*ornithoi,d
*ornithoid,e
*ornithoide,s
*ornithoides,$
*,o
*o,r
*or,n
*orn,i
*orni,t
*ornit,h
*ornith,o
*ornitho,l
*ornithol,e
*ornithole,s
*ornitholes,t
*ornitholest,e
*ornitholeste,s
*ornitholestes,$
*,o
*o,r
*or,n
*orn,i
*orni,t
*ornit,h
*ornith,o
*ornitho,m
*ornithom,e
*ornithome,r
*ornithomer,u
*ornithomeru,s
*ornithomerus,$
*,o
*o,r
*or,n
*orn,i
*orni,t
*ornit,h
*ornith,o
*ornitho,m
*ornithom,i
*ornithomi,m
*ornithomim,o
*ornithomimo,i
*ornithomimoi,d
*ornithomimoid,e
*ornithomimoide,s
*ornithomimoides,$
*,o
*o,r
*or,n
*orn,i
*orni,t
*ornit,h
*ornith,o
*ornitho,m
*ornithom,i
*ornithomi,m
*ornithomim,u
*ornithomimu,s
*ornithomimus,$
*,o
*o,r
*or,n
*orn,i
*orni,t
*ornit,h
*ornith,o
*ornitho,p
*ornithop,s
*ornithops,i
*ornithopsi,s
*ornithopsis,$
*,o
*o,r
*or,n
*orn,i
*orni,t
*ornit,h
*ornith,o
*ornitho,s
*ornithos,u
*ornithosu,c
*ornithosuc,h
*ornithosuch,u
*ornithosuchu,s
*ornithosuchus,$
*,o
*o,r
*or,n
*orn,i
*orni,t
*ornit,h
*ornith,o
*ornitho,t
*ornithot,a
*ornithota,r
*ornithotar,s
*ornithotars,u
*ornithotarsu,s
*ornithotarsus,$
*,o
*o,r
*or,o
*oro,d
*orod,r
*orodr,o
*orodro,m
*orodrom,e
*orodrome,u
*orodromeu,s
*orodromeus,$
*,o
*o,r
*or,o
*oro,s
*oros,a
*orosa,u
*orosau,r
*orosaur,u
*orosauru,s
*orosaurus,$
*,o
*o,r
*or,t
*ort,h
*orth,o
*ortho,g
*orthog,o
*orthogo,n
*orthogon,i
*orthogoni,o
*orthogonio,s
*orthogonios,a
*orthogoniosa,u
*orthogoniosau,r
*orthogoniosaur,u
*orthogoniosauru,s
*orthogoniosaurus,$
*,o
*o,r
*or,t
*ort,h
*orth,o
*ortho,m
*orthom,e
*orthome,r
*orthomer,u
*orthomeru,s
*orthomerus,$
*,o
*o,r
*or,y
*ory,c
*oryc,t
*oryct,o
*orycto,d
*oryctod,r
*oryctodr,o
*oryctodro,m
*oryctodrom,e
*oryctodrome,u
*oryctodromeu,s
*oryctodromeus,$
*,o
*o,s
*os,h
*osh,a
*osha,n
*oshan,o
*oshano,s
*oshanos,a
*oshanosa,u
*oshanosau,r
*oshanosaur,u
*oshanosauru,s
*oshanosaurus,$
*,o
*o,s
*os,m
*osm,a
*osma,k
*osmak,a
*osmaka,s
*osmakas,a
*osmakasa,u
*osmakasau,r
*osmakasaur,u
*osmakasauru,s
*osmakasaurus,$
*,o
*o,s
*os,t
*ost,a
*osta,f
*ostaf,r
*ostafr,i
*ostafri,k
*ostafrik,a
*ostafrika,s
*ostafrikas,a
*ostafrikasa,u
*ostafrikasau,r
*ostafrikasaur,u
*ostafrikasauru,s
*ostafrikasaurus,$
*,o
*o,s
*os,t
*ost,r
*ostr,o
*ostro,m
*ostrom,i
*ostromi,a
*ostromia,$
*,o
*o,t
*ot,h
*oth,n
*othn,i
*othni,e
*othnie,l
*othniel,i
*othnieli,a
*othnielia,$
*,o
*o,t
*ot,h
*oth,n
*othn,i
*othni,e
*othnie,l
*othniel,o
*othnielo,s
*othnielos,a
*othnielosa,u
*othnielosau,r
*othnielosaur,u
*othnielosauru,s
*othnielosaurus,$
*,o
*o,t
*ot,o
*oto,g
*otog,o
*otogo,s
*otogos,a
*otogosa,u
*otogosau,r
*otogosaur,u
*otogosauru,s
*otogosaurus,$
*,o
*o,u
*ou,r
*our,a
*oura,n
*ouran,o
*ourano,s
*ouranos,a
*ouranosa,u
*ouranosau,r
*ouranosaur,u
*ouranosauru,s
*ouranosaurus,$
*,o
*o,v
*ov,e
*ove,r
*over,o
*overo,s
*overos,a
*overosa,u
*overosau,r
*overosaur,u
*overosauru,s
*overosaurus,$
*,o
*o,v
*ov,i
*ovi,r
*ovir,a
*ovira,p
*ovirap,t
*ovirapt,o
*ovirapto,r
*oviraptor,$
*,o
*o,v
*ov,o
*ovo,r
*ovor,a
*ovora,p
*ovorap,t
*ovorapt,o
*ovorapto,r
*ovoraptor,$
*,o
*o,w
*ow,e
*owe,n
*owen,o
*oweno,d
*owenod,o
*owenodo,n
*owenodon,$
*,o
*o,x
*ox,a
*oxa,l
*oxal,a
*oxala,i
*oxalai,a
*oxalaia,$
*,o
*o,z
*oz,r
*ozr,a
*ozra,p
*ozrap,t
*ozrapt,o
*ozrapto,r
*ozraptor,$
*,p
*p,a
*pa,c
*pac,h
*pach,y
*pachy,c
*pachyc,e
*pachyce,p
*pachycep,h
*pachyceph,a
*pachycepha,l
*pachycephal,o
*pachycephalo,s
*pachycephalos,a
*pachycephalosa,u
*pachycephalosau,r
*pachycephalosaur,u
*pachycephalosauru,s
*pachycephalosaurus,$
*,p
*p,a
*pa,c
*pac,h
*pach,y
*pachy,r
*pachyr,h
*pachyrh,i
*pachyrhi,n
*pachyrhin,o
*pachyrhino,s
*pachyrhinos,a
*pachyrhinosa,u
*pachyrhinosau,r
*pachyrhinosaur,u
*pachyrhinosauru,s
*pachyrhinosaurus,$
*,p
*p,a
*pa,c
*pac,h
*pach,y
*pachy,s
*pachys,a
*pachysa,u
*pachysau,r
*pachysaur,i
*pachysauri,s
*pachysauris,c
*pachysaurisc,u
*pachysauriscu,s
*pachysauriscus,$
*,p
*p,a
*pa,c
*pac,h
*pach,y
*pachy,s
*pachys,a
*pachysa,u
*pachysau,r
*pachysaur,o
*pachysauro,p
*pachysaurop,s
*pachysaurops,$
*,p
*p,a
*pa,c
*pac,h
*pach,y
*pachy,s
*pachys,a
*pachysa,u
*pachysau,r
*pachysaur,u
*pachysauru,s
*pachysaurus,$
*,p
*p,a
*pa,c
*pac,h
*pach,y
*pachy,s
*pachys,p
*pachysp,o
*pachyspo,n
*pachyspon,d
*pachyspond,y
*pachyspondy,l
*pachyspondyl,u
*pachyspondylu,s
*pachyspondylus,$
*,p
*p,a
*pa,c
*pac,h
*pach,y
*pachy,s
*pachys,u
*pachysu,c
*pachysuc,h
*pachysuch,u
*pachysuchu,s
*pachysuchus,$
*,p
*p,a
*pa,d
*pad,i
*padi,l
*padil,l
*padill,a
*padilla,s
*padillas,a
*padillasa,u
*padillasau,r
*padillasaur,u
*padillasauru,s
*padillasaurus,$
*,p
*p,a
*pa,k
*pak,i
*paki,s
*pakis,a
*pakisa,u
*pakisau,r
*pakisaur,u
*pakisauru,s
*pakisaurus,$
*,p
*p,a
*pa,l
*pal,a
*pala,e
*palae,o
*palaeo,c
*palaeoc,t
*palaeoct,o
*palaeocto,n
*palaeocton,u
*palaeoctonu,s
*palaeoctonus,$
*,p
*p,a
*pa,l
*pal,a
*pala,e
*palae,o
*palaeo,c
*palaeoc,u
*palaeocu,r
*palaeocur,s
*palaeocurs,o
*palaeocurso,r
*palaeocursor,n
*palaeocursorn,i
*palaeocursorni,s
*palaeocursornis,$
*,p
*p,a
*pa,l
*pal,a
*pala,e
*palae,o
*palaeo,l
*palaeol,i
*palaeoli,m
*palaeolim,n
*palaeolimn,o
*palaeolimno,r
*palaeolimnor,n
*palaeolimnorn,i
*palaeolimnorni,s
*palaeolimnornis,$
*,p
*p,a
*pa,l
*pal,a
*pala,e
*palae,o
*palaeo,p
*palaeop,t
*palaeopt,e
*palaeopte,r
*palaeopter,y
*palaeoptery,x
*palaeopteryx,$
*,p
*p,a
*pa,l
*pal,a
*pala,e
*palae,o
*palaeo,s
*palaeos,a
*palaeosa,u
*palaeosau,r
*palaeosaur,i
*palaeosauri,s
*palaeosauris,c
*palaeosaurisc,u
*palaeosauriscu,s
*palaeosauriscus,$
*,p
*p,a
*pa,l
*pal,a
*pala,e
*palae,o
*palaeo,s
*palaeos,a
*palaeosa,u
*palaeosau,r
*palaeosaur,u
*palaeosauru,s
*palaeosaurus,$
*,p
*p,a
*pa,l
*pal,a
*pala,e
*palae,o
*palaeo,s
*palaeos,a
*palaeosa,u
*palaeosau,r
*palaeosaur,u
*palaeosauru,s
*palaeosaurus,$
*,p
*p,a
*pa,l
*pal,a
*pala,e
*palae,o
*palaeo,s
*palaeos,c
*palaeosc,i
*palaeosci,n
*palaeoscin,c
*palaeoscinc,u
*palaeoscincu,s
*palaeoscincus,$
*,p
*p,a
*pa,l
*pal,e
*pale,o
*paleo,s
*paleos,a
*paleosa,u
*paleosau,r
*paleosaur,u
*paleosauru,s
*paleosaurus,$
*,p
*p,a
*pa,l
*pal,u
*palu,d
*palud,i
*paludi,t
*paludit,i
*paluditi,t
*paluditit,a
*paluditita,n
*paludititan,$
*,p
*p,a
*pa,l
*pal,u
*palu,x
*palux,y
*paluxy,s
*paluxys,a
*paluxysa,u
*paluxysau,r
*paluxysaur,u
*paluxysauru,s
*paluxysaurus,$
*,p
*p,a
*pa,m
*pam,p
*pamp,a
*pampa,d
*pampad,r
*pampadr,o
*pampadro,m
*pampadrom,a
*pampadroma,e
*pampadromae,u
*pampadromaeu,s
*pampadromaeus,$
*,p
*p,a
*pa,m
*pam,p
*pamp,a
*pampa,r
*pampar,a
*pampara,p
*pamparap,t
*pamparapt,o
*pamparapto,r
*pamparaptor,$
*,p
*p,a
*pa,n
*pan,a
*pana,m
*panam,e
*paname,r
*panamer,i
*panameri,c
*panameric,a
*panamerica,n
*panamerican,s
*panamericans,a
*panamericansa,u
*panamericansau,r
*panamericansaur,u
*panamericansauru,s
*panamericansaurus,$
*,p
*p,a
*pa,n
*pan,d
*pand,o
*pando,r
*pandor,a
*pandora,v
*pandorav,e
*pandorave,n
*pandoraven,a
*pandoravena,t
*pandoravenat,o
*pandoravenato,r
*pandoravenator,$
*,p
*p,a
*pa,n
*pan,g
*pang,u
*pangu,r
*pangur,a
*pangura,p
*pangurap,t
*pangurapt,o
*pangurapto,r
*panguraptor,$
*,p
*p,a
*pa,n
*pan,o
*pano,p
*panop,l
*panopl,o
*panoplo,s
*panoplos,a
*panoplosa,u
*panoplosau,r
*panoplosaur,u
*panoplosauru,s
*panoplosaurus,$
*,p
*p,a
*pa,n
*pan,p
*panp,h
*panph,a
*panpha,g
*panphag,i
*panphagi,a
*panphagia,$
*,p
*p,a
*pa,n
*pan,t
*pant,y
*panty,d
*pantyd,r
*pantydr,a
*pantydra,c
*pantydrac,o
*pantydraco,$
*,p
*p,a
*pa,r
*par,a
*para,i
*parai,g
*paraig,u
*paraigu,a
*paraigua,n
*paraiguan,o
*paraiguano,d
*paraiguanod,o
*paraiguanodo,n
*paraiguanodon,$
*,p
*p,a
*pa,r
*par,a
*para,l
*paral,i
*parali,t
*paralit,i
*paraliti,t
*paralitit,a
*paralitita,n
*paralititan,$
*,p
*p,a
*pa,r
*par,a
*para,n
*paran,t
*parant,h
*paranth,o
*parantho,d
*paranthod,o
*paranthodo,n
*paranthodon,$
*,p
*p,a
*pa,r
*par,a
*para,r
*parar,h
*pararh,a
*pararha,b
*pararhab,d
*pararhabd,o
*pararhabdo,d
*pararhabdod,o
*pararhabdodo,n
*pararhabdodon,$
*,p
*p,a
*pa,r
*par,a
*para,s
*paras,a
*parasa,u
*parasau,r
*parasaur,o
*parasauro,l
*parasaurol,o
*parasaurolo,p
*parasaurolop,h
*parasauroloph,u
*parasaurolophu,s
*parasaurolophus,$
*,p
*p,a
*pa,r
*par,e
*pare,i
*parei,a
*pareia,s
*pareias,a
*pareiasa,u
*pareiasau,r
*pareiasaur,u
*pareiasauru,s
*pareiasaurus,$
*,p
*p,a
*pa,r
*par,k
*park,s
*parks,o
*parkso,s
*parksos,a
*parksosa,u
*parksosau,r
*parksosaur,u
*parksosauru,s
*parksosaurus,$
*,p
*p,a
*pa,r
*par,o
*paro,n
*paron,y
*parony,c
*paronyc,h
*paronych,o
*paronycho,d
*paronychod,o
*paronychodo,n
*paronychodon,$
*,p
*p,a
*pa,r
*par,r
*parr,o
*parro,s
*parros,a
*parrosa,u
*parrosau,r
*parrosaur,u
*parrosauru,s
*parrosaurus,$
*,p
*p,a
*pa,r
*par,v
*parv,i
*parvi,c
*parvic,u
*parvicu,r
*parvicur,s
*parvicurs,o
*parvicurso,r
*parvicursor,$
*,p
*p,a
*pa,t
*pat,a
*pata,g
*patag,o
*patago,n
*patagon,y
*patagony,k
*patagonyk,u
*patagonyku,s
*patagonykus,$
*,p
*p,a
*pa,t
*pat,a
*pata,g
*patag,o
*patago,s
*patagos,a
*patagosa,u
*patagosau,r
*patagosaur,u
*patagosauru,s
*patagosaurus,$
*,p
*p,a
*pa,t
*pat,a
*pata,g
*patag,o
*patago,t
*patagot,i
*patagoti,t
*patagotit,a
*patagotita,n
*patagotitan,$
*,p
*p,a
*pa,w
*paw,p
*pawp,a
*pawpa,w
*pawpaw,s
*pawpaws,a
*pawpawsa,u
*pawpawsau,r
*pawpawsaur,u
*pawpawsauru,s
*pawpawsaurus,$
*,p
*p,e
*pe,c
*pec,t
*pect,i
*pecti,n
*pectin,o
*pectino,d
*pectinod,o
*pectinodo,n
*pectinodon,$
*,p
*p,e
*pe,d
*ped,o
*pedo,p
*pedop,e
*pedope,n
*pedopen,n
*pedopenn,a
*pedopenna,$
*,p
*p,e
*pe,g
*peg,o
*pego,m
*pegom,a
*pegoma,s
*pegomas,t
*pegomast,a
*pegomasta,x
*pegomastax,$
*,p
*p,e
*pe,i
*pei,s
*peis,h
*peish,a
*peisha,n
*peishan,s
*peishans,a
*peishansa,u
*peishansau,r
*peishansaur,u
*peishansauru,s
*peishansaurus,$
*,p
*p,e
*pe,k
*pek,i
*peki,n
*pekin,o
*pekino,s
*pekinos,a
*pekinosa,u
*pekinosau,r
*pekinosaur,u
*pekinosauru,s
*pekinosaurus,$
*,p
*p,e
*pe,l
*pel,e
*pele,c
*pelec,a
*peleca,n
*pelecan,i
*pelecani,m
*pelecanim,i
*pelecanimi,m
*pelecanimim,u
*pelecanimimu,s
*pelecanimimus,$
*,p
*p,e
*pe,l
*pel,l
*pell,e
*pelle,g
*pelleg,r
*pellegr,i
*pellegri,n
*pellegrin,i
*pellegrini,s
*pellegrinis,a
*pellegrinisa,u
*pellegrinisau,r
*pellegrinisaur,u
*pellegrinisauru,s
*pellegrinisaurus,$
*,p
*p,e
*pe,l
*pel,o
*pelo,r
*pelor,o
*peloro,p
*pelorop,l
*peloropl,i
*peloropli,t
*peloroplit,e
*peloroplite,s
*peloroplites,$
*,p
*p,e
*pe,l
*pel,o
*pelo,r
*pelor,o
*peloro,s
*peloros,a
*pelorosa,u
*pelorosau,r
*pelorosaur,u
*pelorosauru,s
*pelorosaurus,$
*,p
*p,e
*pe,l
*pel,t
*pelt,o
*pelto,s
*peltos,a
*peltosa,u
*peltosau,r
*peltosaur,u
*peltosauru,s
*peltosaurus,$
*,p
*p,e
*pe,n
*pen,e
*pene,l
*penel,o
*penelo,p
*penelop,o
*penelopo,g
*penelopog,n
*penelopogn,a
*penelopogna,t
*penelopognat,h
*penelopognath,u
*penelopognathu,s
*penelopognathus,$
*,p
*p,e
*pe,n
*pen,t
*pent,a
*penta,c
*pentac,e
*pentace,r
*pentacer,a
*pentacera,t
*pentacerat,o
*pentacerato,p
*pentaceratop,s
*pentaceratops,$
*,p
*p,e
*pe,t
*pet,r
*petr,o
*petro,b
*petrob,r
*petrobr,a
*petrobra,s
*petrobras,a
*petrobrasa,u
*petrobrasau,r
*petrobrasaur,u
*petrobrasauru,s
*petrobrasaurus,$
*,p
*p,h
*ph,a
*pha,e
*phae,d
*phaed,r
*phaedr,o
*phaedro,l
*phaedrol,o
*phaedrolo,s
*phaedrolos,a
*phaedrolosa,u
*phaedrolosau,r
*phaedrolosaur,u
*phaedrolosauru,s
*phaedrolosaurus,$
*,p
*p,h
*ph,i
*phi,l
*phil,o
*philo,v
*philov,e
*philove,n
*philoven,a
*philovena,t
*philovenat,o
*philovenato,r
*philovenator,$
*,p
*p,h
*ph,u
*phu,w
*phuw,i
*phuwi,a
*phuwia,n
*phuwian,g
*phuwiang,o
*phuwiango,s
*phuwiangos,a
*phuwiangosa,u
*phuwiangosau,r
*phuwiangosaur,u
*phuwiangosauru,s
*phuwiangosaurus,$
*,p
*p,h
*ph,y
*phy,l
*phyl,l
*phyll,o
*phyllo,d
*phyllod,o
*phyllodo,n
*phyllodon,$
*,p
*p,i
*pi,a
*pia,t
*piat,n
*piatn,i
*piatni,t
*piatnit,z
*piatnitz,k
*piatnitzk,y
*piatnitzky,s
*piatnitzkys,a
*piatnitzkysa,u
*piatnitzkysau,r
*piatnitzkysaur,u
*piatnitzkysauru,s
*piatnitzkysaurus,$
*,p
*p,i
*pi,c
*pic,r
*picr,o
*picro,d
*picrod,o
*picrodo,n
*picrodon,$
*,p
*p,i
*pi,n
*pin,a
*pina,c
*pinac,o
*pinaco,s
*pinacos,a
*pinacosa,u
*pinacosau,r
*pinacosaur,u
*pinacosauru,s
*pinacosaurus,$
*,p
*p,i
*pi,s
*pis,a
*pisa,n
*pisan,o
*pisano,s
*pisanos,a
*pisanosa,u
*pisanosau,r
*pisanosaur,u
*pisanosauru,s
*pisanosaurus,$
*,p
*p,i
*pi,t
*pit,e
*pite,k
*pitek,u
*piteku,n
*pitekun,s
*pitekuns,a
*pitekunsa,u
*pitekunsau,r
*pitekunsaur,u
*pitekunsauru,s
*pitekunsaurus,$
*,p
*p,i
*pi,v
*piv,e
*pive,t
*pivet,e
*pivete,a
*pivetea,u
*piveteau,s
*piveteaus,a
*piveteausa,u
*piveteausau,r
*piveteausaur,u
*piveteausauru,s
*piveteausaurus,$
*,p
*p,l
*pl,a
*pla,n
*plan,i
*plani,c
*planic,o
*planico,x
*planicox,a
*planicoxa,$
*,p
*p,l
*pl,a
*pla,t
*plat,e
*plate,o
*plateo,s
*plateos,a
*plateosa,u
*plateosau,r
*plateosaur,a
*plateosaura,v
*plateosaurav,u
*plateosauravu,s
*plateosauravus,$
*,p
*p,l
*pl,a
*pla,t
*plat,e
*plate,o
*plateo,s
*plateos,a
*plateosa,u
*plateosau,r
*plateosaur,u
*plateosauru,s
*plateosaurus,$
*,p
*p,l
*pl,a
*pla,t
*plat,y
*platy,c
*platyc,e
*platyce,r
*platycer,a
*platycera,t
*platycerat,o
*platycerato,p
*platyceratop,s
*platyceratops,$
*,p
*p,l
*pl,e
*ple,s
*ples,i
*plesi,o
*plesio,h
*plesioh,a
*plesioha,d
*plesiohad,r
*plesiohadr,o
*plesiohadro,s
*plesiohadros,$
*,p
*p,l
*pl,e
*ple,u
*pleu,r
*pleur,o
*pleuro,c
*pleuroc,o
*pleuroco,e
*pleurocoe,l
*pleurocoel,u
*pleurocoelu,s
*pleurocoelus,$
*,p
*p,l
*pl,e
*ple,u
*pleu,r
*pleur,o
*pleuro,p
*pleurop,e
*pleurope,l
*pleuropel,t
*pleuropelt,u
*pleuropeltu,s
*pleuropeltus,$
*,p
*p,n
*pn,e
*pne,u
*pneu,m
*pneum,a
*pneuma,t
*pneumat,o
*pneumato,a
*pneumatoa,r
*pneumatoar,t
*pneumatoart,h
*pneumatoarth,r
*pneumatoarthr,u
*pneumatoarthru,s
*pneumatoarthrus,$
*,p
*p,n
*pn,e
*pne,u
*pneu,m
*pneum,a
*pneuma,t
*pneumat,o
*pneumato,r
*pneumator,a
*pneumatora,p
*pneumatorap,t
*pneumatorapt,o
*pneumatorapto,r
*pneumatoraptor,$
*,p
*p,o
*po,d
*pod,o
*podo,k
*podok,e
*podoke,s
*podokes,a
*podokesa,u
*podokesau,r
*podokesaur,u
*podokesauru,s
*podokesaurus,$
*,p
*p,o
*po,e
*poe,k
*poek,i
*poeki,l
*poekil,o
*poekilo,p
*poekilop,l
*poekilopl,e
*poekilople,u
*poekilopleu,r
*poekilopleur,o
*poekilopleuro,n
*poekilopleuron,$
*,p
*p,o
*po,l
*pol,a
*pola,c
*polac,a
*polaca,n
*polacan,t
*polacant,h
*polacanth,o
*polacantho,i
*polacanthoi,d
*polacanthoid,e
*polacanthoide,s
*polacanthoides,$
*,p
*p,o
*po,l
*pol,a
*pola,c
*polac,a
*polaca,n
*polacan,t
*polacant,h
*polacanth,u
*polacanthu,s
*polacanthus,$
*,p
*p,o
*po,l
*pol,y
*poly,o
*polyo,d
*polyod,o
*polyodo,n
*polyodon,t
*polyodont,o
*polyodonto,s
*polyodontos,a
*polyodontosa,u
*polyodontosau,r
*polyodontosaur,u
*polyodontosauru,s
*polyodontosaurus,$
*,p
*p,o
*po,l
*pol,y
*poly,o
*polyo,n
*polyon,a
*polyona,x
*polyonax,$
*,p
*p,o
*po,n
*pon,e
*pone,r
*poner,o
*ponero,s
*poneros,t
*ponerost,e
*poneroste,u
*ponerosteu,s
*ponerosteus,$
*,p
*p,o
*po,p
*pop,o
*popo,s
*popos,a
*poposa,u
*poposau,r
*poposaur,u
*poposauru,s
*poposaurus,$
*,p
*p,a
*pa,r
*par,a
*para,s
*paras,a
*parasa,u
*parasau,r
*parasaur,o
*parasauro,l
*parasaurol,o
*parasaurolo,p
*parasaurolop,h
*parasauroloph,u
*parasaurolophu,s
*parasaurolophus,$
*,p
*p,o
*po,s
*pos,t
*post,o
*posto,s
*postos,u
*postosu,c
*postosuc,h
*postosuch,u
*postosuchu,s
*postosuchus,$
*,p
*p,o
*po,w
*pow,e
*powe,l
*powel,l
*powell,v
*powellv,e
*powellve,n
*powellven,a
*powellvena,t
*powellvenat,o
*powellvenato,r
*powellvenator,$
*,p
*p,r
*pr,a
*pra,d
*prad,h
*pradh,a
*pradha,n
*pradhan,i
*pradhani,a
*pradhania,$
*,p
*p,r
*pr,e
*pre,n
*pren,o
*preno,c
*prenoc,e
*prenoce,p
*prenocep,h
*prenoceph,a
*prenocepha,l
*prenocephal,e
*prenocephale,$
*,p
*p,r
*pr,e
*pre,n
*pren,o
*preno,c
*prenoc,e
*prenoce,r
*prenocer,a
*prenocera,t
*prenocerat,o
*prenocerato,p
*prenoceratop,s
*prenoceratops,$
*,p
*p,r
*pr,i
*pri,c
*pric,o
*prico,n
*pricon,o
*pricono,d
*priconod,o
*priconodo,n
*priconodon,$
*,p
*p,r
*pr,i
*pri,o
*prio,d
*priod,o
*priodo,n
*priodon,t
*priodont,o
*priodonto,g
*priodontog,n
*priodontogn,a
*priodontogna,t
*priodontognat,h
*priodontognath,u
*priodontognathu,s
*priodontognathus,$
*,p
*p,r
*pr,o
*pro,a
*proa,$
*,p
*p,r
*pr,o
*pro,b
*prob,a
*proba,c
*probac,t
*probact,r
*probactr,o
*probactro,s
*probactros,a
*probactrosa,u
*probactrosau,r
*probactrosaur,u
*probactrosauru,s
*probactrosaurus,$
*,p
*p,r
*pr,o
*pro,b
*prob,r
*probr,a
*probra,c
*probrac,h
*probrach,y
*probrachy,l
*probrachyl,o
*probrachylo,p
*probrachylop,h
*probrachyloph,o
*probrachylopho,s
*probrachylophos,a
*probrachylophosa,u
*probrachylophosau,r
*probrachylophosaur,u
*probrachylophosauru,s
*probrachylophosaurus,$
*,p
*p,r
*pr,o
*pro,c
*proc,e
*proce,r
*procer,a
*procera,t
*procerat,o
*procerato,p
*proceratop,s
*proceratops,$
*,p
*p,r
*pr,o
*pro,c
*proc,e
*proce,r
*procer,a
*procera,t
*procerat,o
*procerato,s
*proceratos,a
*proceratosa,u
*proceratosau,r
*proceratosaur,u
*proceratosauru,s
*proceratosaurus,$
*,p
*p,r
*pr,o
*pro,c
*proc,e
*proce,r
*procer,o
*procero,s
*proceros,a
*procerosa,u
*procerosau,r
*procerosaur,u
*procerosauru,s
*procerosaurus,$
*,p
*p,r
*pr,o
*pro,c
*proc,e
*proce,r
*procer,o
*procero,s
*proceros,a
*procerosa,u
*procerosau,r
*procerosaur,u
*procerosauru,s
*procerosaurus,$
*,p
*p,r
*pr,o
*pro,c
*proc,h
*proch,e
*proche,n
*prochen,e
*prochene,o
*procheneo,s
*procheneos,a
*procheneosa,u
*procheneosau,r
*procheneosaur,u
*procheneosauru,s
*procheneosaurus,$
*,p
*p,r
*pr,o
*pro,c
*proc,o
*proco,m
*procom,p
*procomp,s
*procomps,o
*procompso,g
*procompsog,n
*procompsogn,a
*procompsogna,t
*procompsognat,h
*procompsognath,u
*procompsognathu,s
*procompsognathus,$
*,p
*p,r
*pr,o
*pro,d
*prod,e
*prode,i
*prodei,n
*prodein,o
*prodeino,d
*prodeinod,o
*prodeinodo,n
*prodeinodon,$
*,p
*p,r
*pr,o
*pro,i
*proi,g
*proig,u
*proigu,a
*proigua,n
*proiguan,o
*proiguano,d
*proiguanod,o
*proiguanodo,n
*proiguanodon,$
*,p
*p,r
*pr,o
*pro,p
*prop,a
*propa,n
*propan,o
*propano,p
*propanop,l
*propanopl,o
*propanoplo,s
*propanoplos,a
*propanoplosa,u
*propanoplosau,r
*propanoplosaur,u
*propanoplosauru,s
*propanoplosaurus,$
*,p
*p,r
*pr,o
*pro,p
*prop,l
*propl,a
*propla,n
*proplan,i
*proplani,c
*proplanic,o
*proplanico,x
*proplanicox,a
*proplanicoxa,$
*,p
*p,r
*pr,o
*pro,s
*pros,a
*prosa,u
*prosau,r
*prosaur,o
*prosauro,l
*prosaurol,o
*prosaurolo,p
*prosaurolop,h
*prosauroloph,u
*prosaurolophu,s
*prosaurolophus,$
*,p
*p,r
*pr,o
*pro,t
*prot,a
*prota,r
*protar,c
*protarc,h
*protarch,a
*protarcha,e
*protarchae,o
*protarchaeo,p
*protarchaeop,t
*protarchaeopt,e
*protarchaeopte,r
*protarchaeopter,y
*protarchaeoptery,x
*protarchaeopteryx,$
*,p
*p,r
*pr,o
*pro,t
*prot,e
*prote,c
*protec,o
*proteco,v
*protecov,a
*protecova,s
*protecovas,a
*protecovasa,u
*protecovasau,r
*protecovasaur,u
*protecovasauru,s
*protecovasaurus,$
*,p
*p,r
*pr,o
*pro,t
*prot,i
*proti,g
*protig,u
*protigu,a
*protigua,n
*protiguan,o
*protiguano,d
*protiguanod,o
*protiguanodo,n
*protiguanodon,$
*,p
*p,r
*pr,o
*pro,t
*prot,o
*proto,a
*protoa,v
*protoav,i
*protoavi,s
*protoavis,$
*,p
*p,r
*pr,o
*pro,t
*prot,o
*proto,c
*protoc,e
*protoce,r
*protocer,a
*protocera,t
*protocerat,o
*protocerato,p
*protoceratop,s
*protoceratops,$
*,p
*p,r
*pr,o
*pro,t
*prot,o
*proto,g
*protog,n
*protogn,a
*protogna,t
*protognat,h
*protognath,o
*protognatho,s
*protognathos,a
*protognathosa,u
*protognathosau,r
*protognathosaur,u
*protognathosauru,s
*protognathosaurus,$
*,p
*p,r
*pr,o
*pro,t
*prot,o
*proto,g
*protog,n
*protogn,a
*protogna,t
*protognat,h
*protognath,u
*protognathu,s
*protognathus,$
*,p
*p,r
*pr,o
*pro,t
*prot,o
*proto,h
*protoh,a
*protoha,d
*protohad,r
*protohadr,o
*protohadro,s
*protohadros,$
*,p
*p,r
*pr,o
*pro,t
*prot,o
*proto,r
*protor,o
*protoro,s
*protoros,a
*protorosa,u
*protorosau,r
*protorosaur,u
*protorosauru,s
*protorosaurus,$
*,p
*p,r
*pr,o
*pro,t
*prot,o
*proto,r
*protor,o
*protoro,s
*protoros,a
*protorosa,u
*protorosau,r
*protorosaur,u
*protorosauru,s
*protorosaurus,$
*,p
*p,r
*pr,o
*pro,t
*prot,r
*protr,a
*protra,c
*protrac,h
*protrach,o
*protracho,d
*protrachod,o
*protrachodo,n
*protrachodon,$
*,p
*p,r
*pr,o
*pro,y
*proy,a
*proya,n
*proyan,d
*proyand,u
*proyandu,s
*proyandus,a
*proyandusa,u
*proyandusau,r
*proyandusaur,u
*proyandusauru,s
*proyandusaurus,$
*,p
*p,s
*ps,e
*pse,u
*pseu,d
*pseud,o
*pseudo,l
*pseudol,a
*pseudola,g
*pseudolag,o
*pseudolago,s
*pseudolagos,u
*pseudolagosu,c
*pseudolagosuc,h
*pseudolagosuch,u
*pseudolagosuchu,s
*pseudolagosuchus,$
*,p
*p,s
*ps,i
*psi,t
*psit,t
*psitt,a
*psitta,c
*psittac,o
*psittaco,s
*psittacos,a
*psittacosa,u
*psittacosau,r
*psittacosaur,u
*psittacosauru,s
*psittacosaurus,$
*,p
*p,t
*pt,e
*pte,r
*pter,o
*ptero,p
*pterop,e
*pterope,l
*pteropel,y
*pteropely,x
*pteropelyx,$
*,p
*p,t
*pt,e
*pte,r
*pter,o
*ptero,s
*pteros,p
*pterosp,o
*pterospo,n
*pterospon,d
*pterospond,y
*pterospondy,l
*pterospondyl,u
*pterospondylu,s
*pterospondylus,$
*,p
*p,u
*pu,e
*pue,r
*puer,t
*puert,a
*puerta,s
*puertas,a
*puertasa,u
*puertasau,r
*puertasaur,u
*puertasauru,s
*puertasaurus,$
*,p
*p,u
*pu,k
*puk,y
*puky,o
*pukyo,n
*pukyon,g
*pukyong,o
*pukyongo,s
*pukyongos,a
*pukyongosa,u
*pukyongosau,r
*pukyongosaur,u
*pukyongosauru,s
*pukyongosaurus,$
*,p
*p,u
*pu,l
*pul,a
*pula,n
*pulan,e
*pulane,s
*pulanes,a
*pulanesa,u
*pulanesau,r
*pulanesaur,a
*pulanesaura,$
*,p
*p,y
*py,c
*pyc,n
*pycn,o
*pycno,n
*pycnon,e
*pycnone,m
*pycnonem,o
*pycnonemo,s
*pycnonemos,a
*pycnonemosa,u
*pycnonemosau,r
*pycnonemosaur,u
*pycnonemosauru,s
*pycnonemosaurus,$
*,p
*p,y
*py,r
*pyr,o
*pyro,r
*pyror,a
*pyrora,p
*pyrorap,t
*pyrorapt,o
*pyrorapto,r
*pyroraptor,$
*,q
*q,a
*qa,n
*qan,t
*qant,a
*qanta,s
*qantas,s
*qantass,a
*qantassa,u
*qantassau,r
*qantassaur,u
*qantassauru,s
*qantassaurus,$
*,q
*q,i
*qi,a
*qia,n
*qian,z
*qianz,h
*qianzh,o
*qianzho,u
*qianzhou,s
*qianzhous,a
*qianzhousa,u
*qianzhousau,r
*qianzhousaur,u
*qianzhousauru,s
*qianzhousaurus,$
*,q
*q,i
*qi,a
*qia,o
*qiao,w
*qiaow,a
*qiaowa,n
*qiaowan,l
*qiaowanl,o
*qiaowanlo,n
*qiaowanlon,g
*qiaowanlong,$
*,q
*q,i
*qi,j
*qij,i
*qiji,a
*qijia,n
*qijian,g
*qijiang,l
*qijiangl,o
*qijianglo,n
*qijianglon,g
*qijianglong,$
*,q
*q,i
*qi,n
*qin,l
*qinl,i
*qinli,n
*qinlin,g
*qinling,o
*qinlingo,s
*qinlingos,a
*qinlingosa,u
*qinlingosau,r
*qinlingosaur,u
*qinlingosauru,s
*qinlingosaurus,$
*,q
*q,i
*qi,n
*qin,g
*qing,x
*qingx,i
*qingxi,u
*qingxiu,s
*qingxius,a
*qingxiusa,u
*qingxiusau,r
*qingxiusaur,u
*qingxiusauru,s
*qingxiusaurus,$
*,q
*q,i
*qi,u
*qiu,p
*qiup,a
*qiupa,l
*qiupal,o
*qiupalo,n
*qiupalon,g
*qiupalong,$
*,q
*q,u
*qu,a
*qua,e
*quae,s
*quaes,i
*quaesi,t
*quaesit,o
*quaesito,s
*quaesitos,a
*quaesitosa,u
*quaesitosau,r
*quaesitosaur,u
*quaesitosauru,s
*quaesitosaurus,$
*,q
*q,u
*qu,e
*que,t
*quet,e
*quete,c
*quetec,s
*quetecs,a
*quetecsa,u
*quetecsau,r
*quetecsaur,u
*quetecsauru,s
*quetecsaurus,$
*,q
*q,u
*qu,i
*qui,l
*quil,m
*quilm,e
*quilme,s
*quilmes,a
*quilmesa,u
*quilmesau,r
*quilmesaur,u
*quilmesauru,s
*quilmesaurus,$
*,r
*r,a
*ra,c
*rac,h
*rach,i
*rachi,t
*rachit,r
*rachitr,e
*rachitre,m
*rachitrem,a
*rachitrema,$
*,r
*r,a
*ra,h
*rah,i
*rahi,o
*rahio,l
*rahiol,i
*rahioli,s
*rahiolis,a
*rahiolisa,u
*rahiolisau,r
*rahiolisaur,u
*rahiolisauru,s
*rahiolisaurus,$
*,r
*r,a
*ra,h
*rah,o
*raho,n
*rahon,a
*rahona,$
*,r
*r,a
*ra,h
*rah,o
*raho,n
*rahon,a
*rahona,v
*rahonav,i
*rahonavi,s
*rahonavis,$
*,r
*r,a
*ra,j
*raj,a
*raja,s
*rajas,a
*rajasa,u
*rajasau,r
*rajasaur,u
*rajasauru,s
*rajasaurus,$
*,r
*r,a
*ra,p
*rap,a
*rapa,t
*rapat,o
*rapato,r
*rapator,$
*,r
*r,a
*ra,p
*rap,e
*rape,t
*rapet,o
*rapeto,s
*rapetos,a
*rapetosa,u
*rapetosau,r
*rapetosaur,u
*rapetosauru,s
*rapetosaurus,$
*,r
*r,a
*ra,p
*rap,t
*rapt,o
*rapto,r
*raptor,e
*raptore,x
*raptorex,$
*,r
*r,a
*ra,t
*rat,c
*ratc,h
*ratch,a
*ratcha,s
*ratchas,i
*ratchasi,m
*ratchasim,a
*ratchasima,s
*ratchasimas,a
*ratchasimasa,u
*ratchasimasau,r
*ratchasimasaur,u
*ratchasimasauru,s
*ratchasimasaurus,$
*,r
*r,a
*ra,t
*rat,i
*rati,v
*rativ,a
*rativa,t
*rativat,e
*rativate,s
*rativates,$
*,r
*r,a
*ra,y
*ray,o
*rayo,s
*rayos,o
*rayoso,s
*rayosos,a
*rayososa,u
*rayososau,r
*rayososaur,u
*rayososauru,s
*rayososaurus,$
*,r
*r,a
*ra,z
*raz,a
*raza,n
*razan,a
*razana,n
*razanan,d
*razanand,r
*razanandr,o
*razanandro,n
*razanandron,g
*razanandrong,o
*razanandrongo,b
*razanandrongob,e
*razanandrongobe,$
*,r
*r,e
*re,b
*reb,b
*rebb,a
*rebba,c
*rebbac,h
*rebbach,i
*rebbachi,s
*rebbachis,a
*rebbachisa,u
*rebbachisau,r
*rebbachisaur,u
*rebbachisauru,s
*rebbachisaurus,$
*,r
*r,e
*re,g
*reg,a
*rega,l
*regal,i
*regali,c
*regalic,e
*regalice,r
*regalicer,a
*regalicera,t
*regalicerat,o
*regalicerato,p
*regaliceratop,s
*regaliceratops,$
*,r
*r,e
*re,g
*reg,n
*regn,o
*regno,s
*regnos,a
*regnosa,u
*regnosau,r
*regnosaur,u
*regnosauru,s
*regnosaurus,$
*,r
*r,e
*re,v
*rev,u
*revu,e
*revue,l
*revuel,t
*revuelt,o
*revuelto,s
*revueltos,a
*revueltosa,u
*revueltosau,r
*revueltosaur,u
*revueltosauru,s
*revueltosaurus,$
*,r
*r,h
*rh,a
*rha,b
*rhab,d
*rhabd,o
*rhabdo,d
*rhabdod,o
*rhabdodo,n
*rhabdodon,$
*,r
*r,h
*rh,a
*rha,d
*rhad,i
*rhadi,n
*rhadin,o
*rhadino,s
*rhadinos,a
*rhadinosa,u
*rhadinosau,r
*rhadinosaur,u
*rhadinosauru,s
*rhadinosaurus,$
*,r
*r,h
*rh,i
*rhi,n
*rhin,o
*rhino,r
*rhinor,e
*rhinore,x
*rhinorex,$
*,r
*r,h
*rh,o
*rho,d
*rhod,a
*rhoda,n
*rhodan,o
*rhodano,s
*rhodanos,a
*rhodanosa,u
*rhodanosau,r
*rhodanosaur,u
*rhodanosauru,s
*rhodanosaurus,$
*,r
*r,h
*rh,o
*rho,e
*rhoe,t
*rhoet,o
*rhoeto,s
*rhoetos,a
*rhoetosa,u
*rhoetosau,r
*rhoetosaur,u
*rhoetosauru,s
*rhoetosaurus,$
*,r
*r,h
*rh,o
*rho,p
*rhop,a
*rhopa,l
*rhopal,o
*rhopalo,d
*rhopalod,o
*rhopalodo,n
*rhopalodon,$
*,r
*r,i
*ri,a
*ria,b
*riab,i
*riabi,n
*riabin,i
*riabini,n
*riabinin,o
*riabinino,h
*riabininoh,a
*riabininoha,d
*riabininohad,r
*riabininohadr,o
*riabininohadro,s
*riabininohadros,$
*,r
*r,i
*ri,c
*ric,h
*rich,a
*richa,r
*richar,d
*richard,o
*richardo,e
*richardoe,s
*richardoes,t
*richardoest,e
*richardoeste,s
*richardoestes,i
*richardoestesi,a
*richardoestesia,$
*,r
*r,i
*ri,l
*ril,e
*rile,y
*riley,a
*rileya,$
*,r
*r,i
*ri,l
*ril,e
*rile,y
*riley,a
*rileya,s
*rileyas,u
*rileyasu,c
*rileyasuc,h
*rileyasuch,u
*rileyasuchu,s
*rileyasuchus,$
*,r
*r,i
*ri,n
*rin,c
*rinc,h
*rinch,e
*rinche,n
*rinchen,i
*rincheni,a
*rinchenia,$
*,r
*r,i
*ri,n
*rin,c
*rinc,o
*rinco,n
*rincon,s
*rincons,a
*rinconsa,u
*rinconsau,r
*rinconsaur,u
*rinconsauru,s
*rinconsaurus,$
*,r
*r,i
*ri,o
*rio,a
*rioa,r
*rioar,r
*rioarr,i
*rioarri,b
*rioarrib,a
*rioarriba,s
*rioarribas,a
*rioarribasa,u
*rioarribasau,r
*rioarribasaur,u
*rioarribasauru,s
*rioarribasaurus,$
*,r
*r,i
*ri,o
*rio,d
*riod,e
*riode,v
*riodev,a
*riodeva,s
*riodevas,a
*riodevasa,u
*riodevasau,r
*riodevasaur,u
*riodevasauru,s
*riodevasaurus,$
*,r
*r,i
*ri,o
*rio,j
*rioj,a
*rioja,s
*riojas,a
*riojasa,u
*riojasau,r
*riojasaur,u
*riojasauru,s
*riojasaurus,$
*,r
*r,i
*ri,o
*rio,j
*rioj,a
*rioja,s
*riojas,u
*riojasu,c
*riojasuc,h
*riojasuch,u
*riojasuchu,s
*riojasuchus,$
*,r
*r,o
*ro,c
*roc,a
*roca,s
*rocas,a
*rocasa,u
*rocasau,r
*rocasaur,u
*rocasauru,s
*rocasaurus,$
*,r
*r,o
*ro,c
*roc,c
*rocc,o
*rocco,s
*roccos,a
*roccosa,u
*roccosau,r
*roccosaur,u
*roccosauru,s
*roccosaurus,$
*,r
*r,u
*ru,b
*rub,e
*rube,o
*rubeo,s
*rubeos,a
*rubeosa,u
*rubeosau,r
*rubeosaur,u
*rubeosauru,s
*rubeosaurus,$
*,r
*r,u
*ru,e
*rue,h
*rueh,l
*ruehl,e
*ruehle,i
*ruehlei,a
*ruehleia,$
*,r
*r,u
*ru,g
*rug,o
*rugo,c
*rugoc,a
*rugoca,u
*rugocau,d
*rugocaud,i
*rugocaudi,a
*rugocaudia,$
*,r
*r,u
*ru,g
*rug,o
*rugo,p
*rugop,s
*rugops,$
*,r
*r,u
*ru,k
*ruk,w
*rukw,a
*rukwa,t
*rukwat,i
*rukwati,t
*rukwatit,a
*rukwatita,n
*rukwatitan,$
*,r
*r,u
*ru,y
*ruy,a
*ruya,n
*ruyan,g
*ruyang,o
*ruyango,s
*ruyangos,a
*ruyangosa,u
*ruyangosau,r
*ruyangosaur,u
*ruyangosauru,s
*ruyangosaurus,$
*,s
*s,a
*sa,c
*sac,i
*saci,s
*sacis,a
*sacisa,u
*sacisau,r
*sacisaur,u
*sacisauru,s
*sacisaurus,$
*,s
*s,a
*sa,h
*sah,a
*saha,l
*sahal,i
*sahali,y
*sahaliy,a
*sahaliya,n
*sahaliyan,i
*sahaliyani,a
*sahaliyania,$
*,s
*s,a
*sa,i
*sai,c
*saic,h
*saich,a
*saicha,n
*saichan,i
*saichani,a
*saichania,$
*,s
*s,a
*sa,l
*sal,d
*sald,a
*salda,m
*saldam,o
*saldamo,s
*saldamos,a
*saldamosa,u
*saldamosau,r
*saldamosaur,u
*saldamosauru,s
*saldamosaurus,$
*,s
*s,a
*sa,l
*sal,i
*sali,m
*salim,o
*salimo,s
*salimos,a
*salimosa,u
*salimosau,r
*salimosaur,u
*salimosauru,s
*salimosaurus,$
*,s
*s,a
*sa,l
*sal,t
*salt,a
*salta,s
*saltas,a
*saltasa,u
*saltasau,r
*saltasaur,u
*saltasauru,s
*saltasaurus,$
*,s
*s,a
*sa,l
*sal,t
*salt,o
*salto,p
*saltop,u
*saltopu,s
*saltopus,$
*,s
*s,a
*sa,l
*sal,t
*salt,r
*saltr,i
*saltri,o
*saltrio,s
*saltrios,a
*saltriosa,u
*saltriosau,r
*saltriosaur,u
*saltriosauru,s
*saltriosaurus,$
*,s
*s,a
*sa,n
*san,c
*sanc,h
*sanch,u
*sanchu,s
*sanchus,a
*sanchusa,u
*sanchusau,r
*sanchusaur,u
*sanchusauru,s
*sanchusaurus,$
*,s
*s,a
*sa,n
*san,g
*sang,o
*sango,n
*sangon,g
*sangong,h
*sangongh,e
*sangonghe,s
*sangonghes,a
*sangonghesa,u
*sangonghesau,r
*sangonghesaur,u
*sangonghesauru,s
*sangonghesaurus,$
*,s
*s,a
*sa,n
*san,j
*sanj,u
*sanju,a
*sanjua,n
*sanjuan,s
*sanjuans,a
*sanjuansa,u
*sanjuansau,r
*sanjuansaur,u
*sanjuansauru,s
*sanjuansaurus,$
*,s
*s,a
*sa,n
*san,p
*sanp,a
*sanpa,s
*sanpas,a
*sanpasa,u
*sanpasau,r
*sanpasaur,u
*sanpasauru,s
*sanpasaurus,$
*,s
*s,a
*sa,n
*san,t
*sant,a
*santa,n
*santan,a
*santana,r
*santanar,a
*santanara,p
*santanarap,t
*santanarapt,o
*santanarapto,r
*santanaraptor,$
*,s
*s,a
*sa,r
*sar,a
*sara,i
*sarai,k
*saraik,i
*saraiki,m
*saraikim,a
*saraikima,s
*saraikimas,o
*saraikimaso,o
*saraikimasoo,m
*saraikimasoom,$
*,s
*s,a
*sa,r
*sar,a
*sara,h
*sarah,s
*sarahs,a
*sarahsa,u
*sarahsau,r
*sarahsaur,u
*sarahsauru,s
*sarahsaurus,$
*,s
*s,a
*sa,r
*sar,c
*sarc,o
*sarco,l
*sarcol,e
*sarcole,s
*sarcoles,t
*sarcolest,e
*sarcoleste,s
*sarcolestes,$
*,s
*s,a
*sa,r
*sar,c
*sarc,o
*sarco,s
*sarcos,a
*sarcosa,u
*sarcosau,r
*sarcosaur,u
*sarcosauru,s
*sarcosaurus,$
*,s
*s,a
*sa,r
*sar,m
*sarm,i
*sarmi,e
*sarmie,n
*sarmien,t
*sarmient,o
*sarmiento,s
*sarmientos,a
*sarmientosa,u
*sarmientosau,r
*sarmientosaur,u
*sarmientosauru,s
*sarmientosaurus,$
*,s
*s,a
*sa,t
*sat,u
*satu,r
*satur,n
*saturn,a
*saturna,l
*saturnal,i
*saturnali,a
*saturnalia,$
*,s
*s,a
*sa,u
*sau,r
*saur,a
*saura,e
*saurae,c
*sauraec,h
*sauraech,i
*sauraechi,n
*sauraechin,o
*sauraechino,d
*sauraechinod,o
*sauraechinodo,n
*sauraechinodon,$
*,s
*s,a
*sa,u
*sau,r
*saur,o
*sauro,l
*saurol,o
*saurolo,p
*saurolop,h
*sauroloph,u
*saurolophu,s
*saurolophus,$
*,s
*s,a
*sa,u
*sau,r
*saur,o
*sauro,n
*sauron,i
*sauroni,o
*sauronio,p
*sauroniop,s
*sauroniops,$
*,s
*s,a
*sa,u
*sau,r
*saur,o
*sauro,p
*saurop,e
*saurope,l
*sauropel,t
*sauropelt,a
*sauropelta,$
*,s
*s,a
*sa,u
*sau,r
*saur,o
*sauro,p
*saurop,h
*sauroph,a
*sauropha,g
*saurophag,a
*saurophaga,n
*saurophagan,a
*saurophagana,x
*saurophaganax,$
*,s
*s,a
*sa,u
*sau,r
*saur,o
*sauro,p
*saurop,h
*sauroph,a
*sauropha,g
*saurophag,u
*saurophagu,s
*saurophagus,$
*,s
*s,a
*sa,u
*sau,r
*saur,o
*sauro,p
*saurop,l
*sauropl,i
*sauropli,t
*sauroplit,e
*sauroplite,s
*sauroplites,$
*,s
*s,a
*sa,u
*sau,r
*saur,o
*sauro,p
*saurop,o
*sauropo,s
*sauropos,e
*sauropose,i
*sauroposei,d
*sauroposeid,o
*sauroposeido,n
*sauroposeidon,$
*,s
*s,a
*sa,u
*sau,r
*saur,o
*sauro,r
*sauror,n
*saurorn,i
*saurorni,t
*saurornit,h
*saurornith,o
*saurornitho,i
*saurornithoi,d
*saurornithoid,e
*saurornithoide,s
*saurornithoides,$
*,s
*s,a
*sa,u
*sau,r
*saur,o
*sauro,r
*sauror,n
*saurorn,i
*saurorni,t
*saurornit,h
*saurornith,o
*saurornitho,l
*saurornithol,e
*saurornithole,s
*saurornitholes,t
*saurornitholest,e
*saurornitholeste,s
*saurornitholestes,$
*,s
*s,a
*sa,v
*sav,a
*sava,n
*savan,n
*savann,a
*savanna,s
*savannas,a
*savannasa,u
*savannasau,r
*savannasaur,u
*savannasauru,s
*savannasaurus,$
*,s
*s,c
*sc,a
*sca,n
*scan,s
*scans,o
*scanso,r
*scansor,i
*scansori,o
*scansorio,p
*scansoriop,t
*scansoriopt,e
*scansoriopte,r
*scansoriopter,y
*scansorioptery,x
*scansoriopteryx,$
*,s
*s,c
*sc,a
*sca,p
*scap,h
*scaph,o
*scapho,n
*scaphon,y
*scaphony,x
*scaphonyx,$
*,s
*s,c
*sc,e
*sce,l
*scel,i
*sceli,d
*scelid,o
*scelido,s
*scelidos,a
*scelidosa,u
*scelidosau,r
*scelidosaur,u
*scelidosauru,s
*scelidosaurus,$
*,s
*s,c
*sc,i
*sci,p
*scip,i
*scipi,o
*scipio,n
*scipion,y
*scipiony,x
*scipionyx,$
*,s
*s,c
*sc,i
*sci,u
*sciu,r
*sciur,u
*sciuru,m
*sciurum,i
*sciurumi,m
*sciurumim,u
*sciurumimu,s
*sciurumimus,$
*,s
*s,c
*sc,l
*scl,e
*scle,r
*scler,o
*sclero,m
*sclerom,o
*scleromo,c
*scleromoc,h
*scleromoch,l
*scleromochl,u
*scleromochlu,s
*scleromochlus,$
*,s
*s,c
*sc,o
*sco,l
*scol,o
*scolo,s
*scolos,a
*scolosa,u
*scolosau,r
*scolosaur,u
*scolosauru,s
*scolosaurus,$
*,s
*s,c
*sc,u
*scu,t
*scut,e
*scute,l
*scutel,l
*scutell,o
*scutello,s
*scutellos,a
*scutellosa,u
*scutellosau,r
*scutellosaur,u
*scutellosauru,s
*scutellosaurus,$
*,s
*s,e
*se,c
*sec,e
*sece,r
*secer,n
*secern,o
*secerno,s
*secernos,a
*secernosa,u
*secernosau,r
*secernosaur,u
*secernosauru,s
*secernosaurus,$
*,s
*s,e
*se,f
*sef,a
*sefa,p
*sefap,a
*sefapa,n
*sefapan,o
*sefapano,s
*sefapanos,a
*sefapanosa,u
*sefapanosau,r
*sefapanosaur,u
*sefapanosauru,s
*sefapanosaurus,$
*,s
*s,e
*se,g
*seg,i
*segi,s
*segis,a
*segisa,u
*segisau,r
*segisaur,u
*segisauru,s
*segisaurus,$
*,s
*s,e
*se,g
*seg,n
*segn,o
*segno,s
*segnos,a
*segnosa,u
*segnosau,r
*segnosaur,u
*segnosauru,s
*segnosaurus,$
*,s
*s,e
*se,i
*sei,s
*seis,m
*seism,o
*seismo,s
*seismos,a
*seismosa,u
*seismosau,r
*seismosaur,u
*seismosauru,s
*seismosaurus,$
*,s
*s,e
*se,i
*sei,t
*seit,a
*seita,a
*seitaa,d
*seitaad,$
*,s
*s,e
*se,l
*sel,i
*seli,m
*selim,a
*selima,n
*seliman,o
*selimano,s
*selimanos,a
*selimanosa,u
*selimanosau,r
*selimanosaur,u
*selimanosauru,s
*selimanosaurus,$
*,s
*s,e
*se,l
*sel,l
*sell,a
*sella,c
*sellac,o
*sellaco,x
*sellacox,a
*sellacoxa,$
*,s
*s,e
*se,l
*sel,l
*sell,o
*sello,s
*sellos,a
*sellosa,u
*sellosau,r
*sellosaur,u
*sellosauru,s
*sellosaurus,$
*,s
*s,e
*se,r
*ser,e
*sere,n
*seren,d
*serend,i
*serendi,p
*serendip,a
*serendipa,c
*serendipac,e
*serendipace,r
*serendipacer,a
*serendipacera,t
*serendipacerat,o
*serendipacerato,p
*serendipaceratop,s
*serendipaceratops,$
*,s
*s,e
*se,r
*ser,i
*seri,k
*serik,o
*seriko,r
*serikor,n
*serikorn,i
*serikorni,s
*serikornis,$
*,s
*s,h
*sh,a
*sha,m
*sham,o
*shamo,s
*shamos,a
*shamosa,u
*shamosau,r
*shamosaur,u
*shamosauru,s
*shamosaurus,$
*,s
*s,h
*sh,a
*sha,n
*shan,a
*shana,g
*shanag,$
*,s
*s,h
*sh,a
*sha,n
*shan,s
*shans,h
*shansh,a
*shansha,n
*shanshan,o
*shanshano,s
*shanshanos,a
*shanshanosa,u
*shanshanosau,r
*shanshanosaur,u
*shanshanosauru,s
*shanshanosaurus,$
*,s
*s,h
*sh,a
*sha,n
*shan,t
*shant,u
*shantu,n
*shantun,g
*shantung,o
*shantungo,s
*shantungos,a
*shantungosa,u
*shantungosau,r
*shantungosaur,u
*shantungosauru,s
*shantungosaurus,$
*,s
*s,h
*sh,a
*sha,n
*shan,x
*shanx,i
*shanxi,a
*shanxia,$
*,s
*s,h
*sh,a
*sha,n
*shan,y
*shany,a
*shanya,n
*shanyan,g
*shanyang,o
*shanyango,s
*shanyangos,a
*shanyangosa,u
*shanyangosau,r
*shanyangosaur,u
*shanyangosauru,s
*shanyangosaurus,$
*,s
*s,h
*sh,a
*sha,o
*shao,c
*shaoc,h
*shaoch,i
*shaochi,l
*shaochil,o
*shaochilo,n
*shaochilon,g
*shaochilong,$
*,s
*s,h
*sh,e
*she,n
*shen,z
*shenz,h
*shenzh,o
*shenzho,u
*shenzhou,s
*shenzhous,a
*shenzhousa,u
*shenzhousau,r
*shenzhousaur,u
*shenzhousauru,s
*shenzhousaurus,$
*,s
*s,h
*sh,i
*shi,d
*shid,a
*shida,i
*shidai,s
*shidais,a
*shidaisa,u
*shidaisau,r
*shidaisaur,u
*shidaisauru,s
*shidaisaurus,$
*,s
*s,h
*sh,i
*shi,n
*shin,g
*shing,o
*shingo,p
*shingop,a
*shingopa,n
*shingopan,a
*shingopana,$
*,s
*s,h
*sh,i
*shi,x
*shix,i
*shixi,n
*shixin,g
*shixing,g
*shixingg,i
*shixinggi,a
*shixinggia,$
*,s
*s,h
*sh,u
*shu,a
*shua,n
*shuan,g
*shuang,b
*shuangb,a
*shuangba,i
*shuangbai,s
*shuangbais,a
*shuangbaisa,u
*shuangbaisau,r
*shuangbaisaur,u
*shuangbaisauru,s
*shuangbaisaurus,$
*,s
*s,h
*sh,u
*shu,a
*shua,n
*shuan,g
*shuang,m
*shuangm,i
*shuangmi,a
*shuangmia,o
*shuangmiao,s
*shuangmiaos,a
*shuangmiaosa,u
*shuangmiaosau,r
*shuangmiaosaur,u
*shuangmiaosauru,s
*shuangmiaosaurus,$
*,s
*s,h
*sh,u
*shu,n
*shun,o
*shuno,s
*shunos,a
*shunosa,u
*shunosau,r
*shunosaur,u
*shunosauru,s
*shunosaurus,$
*,s
*s,h
*sh,u
*shu,v
*shuv,o
*shuvo,s
*shuvos,a
*shuvosa,u
*shuvosau,r
*shuvosaur,u
*shuvosauru,s
*shuvosaurus,$
*,s
*s,h
*sh,u
*shu,v
*shuv,u
*shuvu,u
*shuvuu,i
*shuvuui,a
*shuvuuia,$
*,s
*s,i
*si,a
*sia,m
*siam,o
*siamo,d
*siamod,o
*siamodo,n
*siamodon,$
*,s
*s,i
*si,a
*sia,m
*siam,o
*siamo,d
*siamod,r
*siamodr,a
*siamodra,c
*siamodrac,o
*siamodraco,n
*siamodracon,$
*,s
*s,i
*si,a
*sia,m
*siam,o
*siamo,s
*siamos,a
*siamosa,u
*siamosau,r
*siamosaur,u
*siamosauru,s
*siamosaurus,$
*,s
*s,i
*si,a
*sia,m
*siam,o
*siamo,t
*siamot,y
*siamoty,r
*siamotyr,a
*siamotyra,n
*siamotyran,n
*siamotyrann,u
*siamotyrannu,s
*siamotyrannus,$
*,s
*s,i
*si,a
*sia,t
*siat,s
*siats,$
*,s
*s,i
*si,b
*sib,i
*sibi,r
*sibir,o
*sibiro,s
*sibiros,a
*sibirosa,u
*sibirosau,r
*sibirosaur,u
*sibirosauru,s
*sibirosaurus,$
*,s
*s,i
*si,b
*sib,i
*sibi,r
*sibir,o
*sibiro,t
*sibirot,i
*sibiroti,t
*sibirotit,a
*sibirotita,n
*sibirotitan,$
*,s
*s,i
*si,d
*sid,o
*sido,r
*sidor,m
*sidorm,i
*sidormi,m
*sidormim,u
*sidormimu,s
*sidormimus,$
*,s
*s,i
*si,g
*sig,i
*sigi,l
*sigil,m
*sigilm,a
*sigilma,s
*sigilmas,s
*sigilmass,a
*sigilmassa,s
*sigilmassas,a
*sigilmassasa,u
*sigilmassasau,r
*sigilmassasaur,u
*sigilmassasauru,s
*sigilmassasaurus,$
*,s
*s,i
*si,l
*sil,e
*sile,s
*siles,a
*silesa,u
*silesau,r
*silesaur,u
*silesauru,s
*silesaurus,$
*,s
*s,i
*si,l
*sil,u
*silu,o
*siluo,s
*siluos,a
*siluosa,u
*siluosau,r
*siluosaur,u
*siluosauru,s
*siluosaurus,$
*,s
*s,i
*si,l
*sil,v
*silv,i
*silvi,s
*silvis,a
*silvisa,u
*silvisau,r
*silvisaur,u
*silvisauru,s
*silvisaurus,$
*,s
*s,i
*si,m
*sim,i
*simi,l
*simil,i
*simili,c
*similic,a
*similica,u
*similicau,d
*similicaud,i
*similicaudi,p
*similicaudip,t
*similicaudipt,e
*similicaudipte,r
*similicaudipter,y
*similicaudiptery,x
*similicaudipteryx,$
*,s
*s,i
*si,n
*sin,o
*sino,c
*sinoc,a
*sinoca,l
*sinocal,l
*sinocall,i
*sinocalli,o
*sinocallio,p
*sinocalliop,t
*sinocalliopt,e
*sinocalliopte,r
*sinocalliopter,y
*sinocallioptery,x
*sinocalliopteryx,$
*,s
*s,i
*si,n
*sin,o
*sino,c
*sinoc,e
*sinoce,r
*sinocer,a
*sinocera,t
*sinocerat,o
*sinocerato,p
*sinoceratop,s
*sinoceratops,$
*,s
*s,i
*si,n
*sin,o
*sino,c
*sinoc,o
*sinoco,e
*sinocoe,l
*sinocoel,u
*sinocoelu,r
*sinocoelur,u
*sinocoeluru,s
*sinocoelurus,$
*,s
*s,i
*si,n
*sin,o
*sino,p
*sinop,e
*sinope,l
*sinopel,t
*sinopelt,a
*sinopelta,$
*,s
*s,i
*si,n
*sin,o
*sino,p
*sinop,e
*sinope,l
*sinopel,t
*sinopelt,o
*sinopelto,s
*sinopeltos,a
*sinopeltosa,u
*sinopeltosau,r
*sinopeltosaur,u
*sinopeltosauru,s
*sinopeltosaurus,$
*,s
*s,i
*si,n
*sin,o
*sino,r
*sinor,n
*sinorn,i
*sinorni,t
*sinornit,h
*sinornith,o
*sinornitho,i
*sinornithoi,d
*sinornithoid,e
*sinornithoide,s
*sinornithoides,$
*,s
*s,i
*si,n
*sin,o
*sino,r
*sinor,n
*sinorn,i
*sinorni,t
*sinornit,h
*sinornith,o
*sinornitho,m
*sinornithom,i
*sinornithomi,m
*sinornithomim,u
*sinornithomimu,s
*sinornithomimus,$
*,s
*s,i
*si,n
*sin,o
*sino,r
*sinor,n
*sinorn,i
*sinorni,t
*sinornit,h
*sinornith,o
*sinornitho,s
*sinornithos,a
*sinornithosa,u
*sinornithosau,r
*sinornithosaur,u
*sinornithosauru,s
*sinornithosaurus,$
*,s
*s,i
*si,n
*sin,o
*sino,s
*sinos,a
*sinosa,u
*sinosau,r
*sinosaur,o
*sinosauro,p
*sinosaurop,t
*sinosauropt,e
*sinosauropte,r
*sinosauropter,y
*sinosauroptery,x
*sinosauropteryx,$
*,s
*s,i
*si,n
*sin,o
*sino,s
*sinos,a
*sinosa,u
*sinosau,r
*sinosaur,u
*sinosauru,s
*sinosaurus,$
*,s
*s,i
*si,n
*sin,o
*sino,t
*sinot,y
*sinoty,r
*sinotyr,a
*sinotyra,n
*sinotyran,n
*sinotyrann,u
*sinotyrannu,s
*sinotyrannus,$
*,s
*s,i
*si,n
*sin,o
*sino,v
*sinov,e
*sinove,n
*sinoven,a
*sinovena,t
*sinovenat,o
*sinovenato,r
*sinovenator,$
*,s
*s,i
*si,n
*sin,r
*sinr,a
*sinra,p
*sinrap,t
*sinrapt,o
*sinrapto,r
*sinraptor,$
*,s
*s,i
*si,n
*sin,u
*sinu,s
*sinus,o
*sinuso,n
*sinuson,a
*sinusona,s
*sinusonas,u
*sinusonasu,s
*sinusonasus,$
*,s
*s,i
*si,r
*sir,i
*siri,n
*sirin,d
*sirind,h
*sirindh,o
*sirindho,r
*sirindhor,n
*sirindhorn,a
*sirindhorna,$
*,s
*s,k
*sk,o
*sko,r
*skor,p
*skorp,i
*skorpi,o
*skorpio,v
*skorpiov,e
*skorpiove,n
*skorpioven,a
*skorpiovena,t
*skorpiovenat,o
*skorpiovenato,r
*skorpiovenator,$
*,s
*s,m
*sm,i
*smi,l
*smil,o
*smilo,d
*smilod,o
*smilodo,n
*smilodon,$
*,s
*s,o
*so,n
*son,i
*soni,d
*sonid,o
*sonido,s
*sonidos,a
*sonidosa,u
*sonidosau,r
*sonidosaur,u
*sonidosauru,s
*sonidosaurus,$
*,s
*s,o
*so,n
*son,o
*sono,r
*sonor,a
*sonora,s
*sonoras,a
*sonorasa,u
*sonorasau,r
*sonorasaur,u
*sonorasauru,s
*sonorasaurus,$
*,s
*s,o
*so,r
*sor,i
*sori,a
*soria,t
*soriat,i
*soriati,t
*soriatit,a
*soriatita,n
*soriatitan,$
*,s
*s,p
*sp,h
*sph,a
*spha,e
*sphae,r
*sphaer,o
*sphaero,t
*sphaerot,h
*sphaeroth,o
*sphaerotho,l
*sphaerothol,u
*sphaerotholu,s
*sphaerotholus,$
*,s
*s,p
*sp,h
*sph,e
*sphe,n
*sphen,o
*spheno,s
*sphenos,a
*sphenosa,u
*sphenosau,r
*sphenosaur,u
*sphenosauru,s
*sphenosaurus,$
*,s
*s,p
*sp,h
*sph,e
*sphe,n
*sphen,o
*spheno,s
*sphenos,p
*sphenosp,o
*sphenospo,n
*sphenospon,d
*sphenospond,y
*sphenospondy,l
*sphenospondyl,u
*sphenospondylu,s
*sphenospondylus,$
*,s
*s,p
*sp,i
*spi,c
*spic,l
*spicl,y
*spicly,p
*spiclyp,e
*spiclype,u
*spiclypeu,s
*spiclypeus,$
*,s
*s,p
*sp,i
*spi,n
*spin,o
*spino,p
*spinop,h
*spinoph,o
*spinopho,r
*spinophor,o
*spinophoro,s
*spinophoros,a
*spinophorosa,u
*spinophorosau,r
*spinophorosaur,u
*spinophorosauru,s
*spinophorosaurus,$
*,s
*s,p
*sp,i
*spi,n
*spin,o
*spino,p
*spinop,s
*spinops,$
*,s
*s,p
*sp,i
*spi,n
*spin,o
*spino,s
*spinos,a
*spinosa,u
*spinosau,r
*spinosaur,u
*spinosauru,s
*spinosaurus,$
*,s
*s,p
*sp,i
*spi,n
*spin,o
*spino,s
*spinos,t
*spinost,r
*spinostr,o
*spinostro,p
*spinostrop,h
*spinostroph,e
*spinostrophe,u
*spinostropheu,s
*spinostropheus,$
*,s
*s,p
*sp,i
*spi,n
*spin,o
*spino,s
*spinos,u
*spinosu,c
*spinosuc,h
*spinosuch,u
*spinosuchu,s
*spinosuchus,$
*,s
*s,p
*sp,o
*spo,n
*spon,d
*spond,y
*spondy,l
*spondyl,o
*spondylo,s
*spondylos,o
*spondyloso,m
*spondylosom,a
*spondylosoma,$
*,s
*s,q
*sq,u
*squ,a
*squa,l
*squal,o
*squalo,d
*squalod,o
*squalodo,n
*squalodon,$
*,s
*s,t
*st,a
*sta,u
*stau,r
*staur,i
*stauri,k
*staurik,o
*stauriko,s
*staurikos,a
*staurikosa,u
*staurikosau,r
*staurikosaur,u
*staurikosauru,s
*staurikosaurus,$
*,s
*s,t
*st,e
*ste,g
*steg,o
*stego,c
*stegoc,e
*stegoce,r
*stegocer,a
*stegocera,s
*stegoceras,$
*,s
*s,t
*st,e
*ste,g
*steg,o
*stego,p
*stegop,e
*stegope,l
*stegopel,t
*stegopelt,a
*stegopelta,$
*,s
*s,t
*st,e
*ste,g
*steg,o
*stego,s
*stegos,a
*stegosa,u
*stegosau,r
*stegosaur,i
*stegosauri,d
*stegosaurid,e
*stegosauride,s
*stegosaurides,$
*,s
*s,t
*st,e
*ste,g
*steg,o
*stego,s
*stegos,a
*stegosa,u
*stegosau,r
*stegosaur,u
*stegosauru,s
*stegosaurus,$
*,s
*s,t
*st,e
*ste,n
*sten,o
*steno,n
*stenon,y
*stenony,c
*stenonyc,h
*stenonych,o
*stenonycho,s
*stenonychos,a
*stenonychosa,u
*stenonychosau,r
*stenonychosaur,u
*stenonychosauru,s
*stenonychosaurus,$
*,s
*s,t
*st,e
*ste,n
*sten,o
*steno,p
*stenop,e
*stenope,l
*stenopel,i
*stenopeli,x
*stenopelix,$
*,s
*s,t
*st,e
*ste,n
*sten,o
*steno,t
*stenot,h
*stenoth,o
*stenotho,l
*stenothol,u
*stenotholu,s
*stenotholus,$
*,s
*s,t
*st,e
*ste,p
*step,h
*steph,a
*stepha,n
*stephan,o
*stephano,s
*stephanos,a
*stephanosa,u
*stephanosau,r
*stephanosaur,u
*stephanosauru,s
*stephanosaurus,$
*,s
*s,t
*st,e
*ste,r
*ster,e
*stere,o
*stereo,c
*stereoc,e
*stereoce,p
*stereocep,h
*stereoceph,a
*stereocepha,l
*stereocephal,u
*stereocephalu,s
*stereocephalus,$
*,s
*s,t
*st,e
*ste,r
*ster,r
*sterr,h
*sterrh,o
*sterrho,l
*sterrhol,o
*sterrholo,p
*sterrholop,h
*sterrholoph,u
*sterrholophu,s
*sterrholophus,$
*,s
*s,t
*st,o
*sto,k
*stok,e
*stoke,s
*stokes,o
*stokeso,s
*stokesos,a
*stokesosa,u
*stokesosau,r
*stokesosaur,u
*stokesosauru,s
*stokesosaurus,$
*,s
*s,t
*st,o
*sto,r
*stor,m
*storm,b
*stormb,e
*stormbe,r
*stormber,g
*stormberg,i
*stormbergi,a
*stormbergia,$
*,s
*s,t
*st,r
*str,e
*stre,n
*stren,u
*strenu,s
*strenus,a
*strenusa,u
*strenusau,r
*strenusaur,u
*strenusauru,s
*strenusaurus,$
*,s
*s,t
*st,r
*str,e
*stre,p
*strep,t
*strept,o
*strepto,s
*streptos,p
*streptosp,o
*streptospo,n
*streptospon,d
*streptospond,y
*streptospondy,l
*streptospondyl,u
*streptospondylu,s
*streptospondylus,$
*,s
*s,t
*st,r
*str,u
*stru,t
*strut,h
*struth,i
*struthi,o
*struthio,m
*struthiom,i
*struthiomi,m
*struthiomim,u
*struthiomimu,s
*struthiomimus,$
*,s
*s,t
*st,r
*str,u
*stru,t
*strut,h
*struth,i
*struthi,o
*struthio,s
*struthios,a
*struthiosa,u
*struthiosau,r
*struthiosaur,u
*struthiosauru,s
*struthiosaurus,$
*,s
*s,t
*st,y
*sty,g
*styg,i
*stygi,m
*stygim,o
*stygimo,l
*stygimol,o
*stygimolo,c
*stygimoloc,h
*stygimoloch,$
*,s
*s,t
*st,y
*sty,g
*styg,i
*stygi,v
*stygiv,e
*stygive,n
*stygiven,a
*stygivena,t
*stygivenat,o
*stygivenato,r
*stygivenator,$
*,s
*s,t
*st,y
*sty,r
*styr,a
*styra,c
*styrac,o
*styraco,s
*styracos,a
*styracosa,u
*styracosau,r
*styracosaur,u
*styracosauru,s
*styracosaurus,$
*,s
*s,u
*su,c
*suc,c
*succ,i
*succi,n
*succin,o
*succino,d
*succinod,o
*succinodo,n
*succinodon,$
*,s
*s,u
*su,c
*suc,h
*such,o
*sucho,m
*suchom,i
*suchomi,m
*suchomim,u
*suchomimu,s
*suchomimus,$
*,s
*s,u
*su,c
*suc,h
*such,o
*sucho,s
*suchos,a
*suchosa,u
*suchosau,r
*suchosaur,u
*suchosauru,s
*suchosaurus,$
*,s
*s,u
*su,c
*suc,h
*such,o
*sucho,p
*suchop,r
*suchopr,i
*suchopri,o
*suchoprio,n
*suchoprion,$
*,s
*s,u
*su,g
*sug,i
*sugi,y
*sugiy,a
*sugiya,m
*sugiyam,a
*sugiyama,s
*sugiyamas,a
*sugiyamasa,u
*sugiyamasau,r
*sugiyamasaur,u
*sugiyamasauru,s
*sugiyamasaurus,$
*,s
*s,k
*sk,e
*ske,l
*skel,e
*skele,t
*skelet,o
*skeleto,n
*skeleton,$
*,s
*s,u
*su,l
*sul,a
*sula,i
*sulai,m
*sulaim,a
*sulaima,n
*sulaiman,i
*sulaimani,s
*sulaimanis,a
*sulaimanisa,u
*sulaimanisau,r
*sulaimanisaur,u
*sulaimanisauru,s
*sulaimanisaurus,$
*,s
*s,u
*su,p
*sup,e
*supe,r
*super,s
*supers,a
*supersa,u
*supersau,r
*supersaur,u
*supersauru,s
*supersaurus,$
*,s
*s,u
*su,u
*suu,w
*suuw,a
*suuwa,s
*suuwas,s
*suuwass,e
*suuwasse,a
*suuwassea,$
*,s
*s,u
*su,z
*suz,h
*suzh,o
*suzho,u
*suzhou,s
*suzhous,a
*suzhousa,u
*suzhousau,r
*suzhousaur,u
*suzhousauru,s
*suzhousaurus,$
*,s
*s,y
*sy,m
*sym,p
*symp,h
*symph,y
*symphy,r
*symphyr,o
*symphyro,p
*symphyrop,h
*symphyroph,u
*symphyrophu,s
*symphyrophus,$
*,s
*s,y
*sy,n
*syn,g
*syng,o
*syngo,n
*syngon,o
*syngono,s
*syngonos,a
*syngonosa,u
*syngonosau,r
*syngonosaur,u
*syngonosauru,s
*syngonosaurus,$
*,s
*s,y
*sy,n
*syn,t
*synt,a
*synta,r
*syntar,s
*syntars,u
*syntarsu,s
*syntarsus,$
*,s
*s,y
*sy,r
*syr,m
*syrm,o
*syrmo,s
*syrmos,a
*syrmosa,u
*syrmosau,r
*syrmosaur,u
*syrmosauru,s
*syrmosaurus,$
*,s
*s,z
*sz,e
*sze,c
*szec,h
*szech,u
*szechu,a
*szechua,n
*szechuan,o
*szechuano,s
*szechuanos,a
*szechuanosa,u
*szechuanosau,r
*szechuanosaur,u
*szechuanosauru,s
*szechuanosaurus,$
*,t
*t,a
*ta,c
*tac,h
*tach,i
*tachi,r
*tachir,a
*tachira,p
*tachirap,t
*tachirapt,o
*tachirapto,r
*tachiraptor,$
*,t
*t,a
*ta,l
*tal,a
*tala,r
*talar,u
*talaru,r
*talarur,u
*talaruru,s
*talarurus,$
*,t
*t,a
*ta,l
*tal,e
*tale,n
*talen,k
*talenk,a
*talenka,u
*talenkau,e
*talenkaue,n
*talenkauen,$
*,t
*t,a
*ta,l
*tal,o
*talo,s
*talos,$
*,t
*t,a
*ta,m
*tam,b
*tamb,a
*tamba,t
*tambat,i
*tambati,t
*tambatit,a
*tambatita,n
*tambatitan,i
*tambatitani,s
*tambatitanis,$
*,t
*t,a
*ta,n
*tan,g
*tang,v
*tangv,a
*tangva,y
*tangvay,o
*tangvayo,s
*tangvayos,a
*tangvayosa,u
*tangvayosau,r
*tangvayosaur,u
*tangvayosauru,s
*tangvayosaurus,$
*,t
*t,a
*ta,n
*tan,i
*tani,u
*taniu,s
*tanius,$
*,t
*t,a
*ta,n
*tan,y
*tany,c
*tanyc,o
*tanyco,l
*tanycol,a
*tanycola,g
*tanycolag,r
*tanycolagr,e
*tanycolagre,u
*tanycolagreu,s
*tanycolagreus,$
*,t
*t,a
*ta,n
*tan,y
*tany,s
*tanys,t
*tanyst,r
*tanystr,o
*tanystro,p
*tanystrop,h
*tanystroph,e
*tanystrophe,u
*tanystropheu,s
*tanystropheus,$
*,t
*t,a
*ta,n
*tan,y
*tany,s
*tanys,t
*tanyst,r
*tanystr,o
*tanystro,s
*tanystros,u
*tanystrosu,c
*tanystrosuc,h
*tanystrosuch,u
*tanystrosuchu,s
*tanystrosuchus,$
*,t
*t,a
*ta,o
*tao,h
*taoh,e
*taohe,l
*taohel,o
*taohelo,n
*taohelon,g
*taohelong,$
*,t
*t,a
*ta,p
*tap,i
*tapi,n
*tapin,o
*tapino,c
*tapinoc,e
*tapinoce,p
*tapinocep,h
*tapinoceph,a
*tapinocepha,l
*tapinocephal,u
*tapinocephalu,s
*tapinocephalus,$
*,t
*t,a
*ta,p
*tap,u
*tapu,i
*tapui,a
*tapuia,s
*tapuias,a
*tapuiasa,u
*tapuiasau,r
*tapuiasaur,u
*tapuiasauru,s
*tapuiasaurus,$
*,t
*t,a
*ta,r
*tar,a
*tara,s
*taras,c
*tarasc,o
*tarasco,s
*tarascos,a
*tarascosa,u
*tarascosau,r
*tarascosaur,u
*tarascosauru,s
*tarascosaurus,$
*,t
*t,a
*ta,r
*tar,b
*tarb,o
*tarbo,s
*tarbos,a
*tarbosa,u
*tarbosau,r
*tarbosaur,u
*tarbosauru,s
*tarbosaurus,$
*,t
*t,a
*ta,r
*tar,c
*tarc,h
*tarch,i
*tarchi,a
*tarchia,$
*,t
*t,a
*ta,s
*tas,t
*tast,a
*tasta,v
*tastav,i
*tastavi,n
*tastavin,s
*tastavins,a
*tastavinsa,u
*tastavinsau,r
*tastavinsaur,u
*tastavinsauru,s
*tastavinsaurus,$
*,t
*t,a
*ta,t
*tat,a
*tata,n
*tatan,k
*tatank,a
*tatanka,c
*tatankac,e
*tatankace,p
*tatankacep,h
*tatankaceph,a
*tatankacepha,l
*tatankacephal,u
*tatankacephalu,s
*tatankacephalus,$
*,t
*t,a
*ta,t
*tat,a
*tata,n
*tatan,k
*tatank,a
*tatanka,c
*tatankac,e
*tatankace,r
*tatankacer,a
*tatankacera,t
*tatankacerat,o
*tatankacerato,p
*tatankaceratop,s
*tatankaceratops,$
*,t
*t,a
*ta,t
*tat,a
*tata,o
*tatao,u
*tataou,i
*tataoui,n
*tataouin,e
*tataouine,a
*tataouinea,$
*,t
*t,a
*ta,t
*tat,i
*tati,s
*tatis,a
*tatisa,u
*tatisau,r
*tatisaur,u
*tatisauru,s
*tatisaurus,$
*,t
*t,a
*ta,u
*tau,r
*taur,o
*tauro,v
*taurov,e
*taurove,n
*tauroven,a
*taurovena,t
*taurovenat,o
*taurovenato,r
*taurovenator,$
*,t
*t,a
*ta,v
*tav,e
*tave,i
*tavei,r
*taveir,o
*taveiro,s
*taveiros,a
*taveirosa,u
*taveirosau,r
*taveirosaur,u
*taveirosauru,s
*taveirosaurus,$
*,t
*t,a
*ta,w
*taw,a
*tawa,$
*,t
*t,a
*ta,w
*taw,a
*tawa,s
*tawas,a
*tawasa,u
*tawasau,r
*tawasaur,u
*tawasauru,s
*tawasaurus,$
*,t
*t,a
*ta,z
*taz,o
*tazo,u
*tazou,d
*tazoud,a
*tazouda,s
*tazoudas,a
*tazoudasa,u
*tazoudasau,r
*tazoudasaur,u
*tazoudasauru,s
*tazoudasaurus,$
*,t
*t,e
*te,c
*tec,h
*tech,n
*techn,o
*techno,s
*technos,a
*technosa,u
*technosau,r
*technosaur,u
*technosauru,s
*technosaurus,$
*,t
*t,e
*te,c
*tec,o
*teco,v
*tecov,a
*tecova,s
*tecovas,a
*tecovasa,u
*tecovasau,r
*tecovasaur,u
*tecovasauru,s
*tecovasaurus,$
*,t
*t,e
*te,h
*teh,u
*tehu,e
*tehue,l
*tehuel,c
*tehuelc,h
*tehuelch,e
*tehuelche,s
*tehuelches,a
*tehuelchesa,u
*tehuelchesau,r
*tehuelchesaur,u
*tehuelchesauru,s
*tehuelchesaurus,$
*,t
*t,e
*te,i
*tei,h
*teih,i
*teihi,v
*teihiv,e
*teihive,n
*teihiven,a
*teihivena,t
*teihivenat,o
*teihivenato,r
*teihivenator,$
*,t
*t,e
*te,i
*tei,n
*tein,u
*teinu,r
*teinur,o
*teinuro,s
*teinuros,a
*teinurosa,u
*teinurosau,r
*teinurosaur,u
*teinurosauru,s
*teinurosaurus,$
*,t
*t,e
*te,l
*tel,e
*tele,o
*teleo,c
*teleoc,r
*teleocr,a
*teleocra,t
*teleocrat,e
*teleocrate,r
*teleocrater,$
*,t
*t,e
*te,l
*tel,m
*telm,a
*telma,t
*telmat,o
*telmato,s
*telmatos,a
*telmatosa,u
*telmatosau,r
*telmatosaur,u
*telmatosauru,s
*telmatosaurus,$
*,t
*t,e
*te,n
*ten,a
*tena,n
*tenan,t
*tenant,o
*tenanto,s
*tenantos,a
*tenantosa,u
*tenantosau,r
*tenantosaur,u
*tenantosauru,s
*tenantosaurus,$
*,t
*t,e
*te,n
*ten,c
*tenc,h
*tench,i
*tenchi,s
*tenchis,a
*tenchisa,u
*tenchisau,r
*tenchisaur,u
*tenchisauru,s
*tenchisaurus,$
*,t
*t,e
*te,n
*ten,d
*tend,a
*tenda,g
*tendag,u
*tendagu,r
*tendagur,i
*tendaguri,a
*tendaguria,$
*,t
*t,e
*te,n
*ten,g
*teng,r
*tengr,i
*tengri,s
*tengris,a
*tengrisa,u
*tengrisau,r
*tengrisaur,u
*tengrisauru,s
*tengrisaurus,$
*,t
*t,e
*te,n
*ten,o
*teno,n
*tenon,t
*tenont,o
*tenonto,s
*tenontos,a
*tenontosa,u
*tenontosau,r
*tenontosaur,u
*tenontosauru,s
*tenontosaurus,$
*,t
*t,e
*te,r
*ter,a
*tera,t
*terat,o
*terato,p
*teratop,h
*teratoph,o
*teratopho,n
*teratophon,e
*teratophone,u
*teratophoneu,s
*teratophoneus,$
*,t
*t,e
*te,r
*ter,a
*tera,t
*terat,o
*terato,s
*teratos,a
*teratosa,u
*teratosau,r
*teratosaur,u
*teratosauru,s
*teratosaurus,$
*,t
*t,e
*te,r
*ter,m
*term,a
*terma,t
*termat,o
*termato,s
*termatos,a
*termatosa,u
*termatosau,r
*termatosaur,u
*termatosauru,s
*termatosaurus,$
*,t
*t,e
*te,t
*tet,h
*teth,y
*tethy,s
*tethys,h
*tethysh,a
*tethysha,d
*tethyshad,r
*tethyshadr,o
*tethyshadro,s
*tethyshadros,$
*,t
*t,e
*te,t
*tet,r
*tetr,a
*tetra,g
*tetrag,o
*tetrago,n
*tetragon,o
*tetragono,s
*tetragonos,a
*tetragonosa,u
*tetragonosau,r
*tetragonosaur,u
*tetragonosauru,s
*tetragonosaurus,$
*,t
*t,e
*te,x
*tex,a
*texa,c
*texac,e
*texace,p
*texacep,h
*texaceph,a
*texacepha,l
*texacephal,e
*texacephale,$
*,t
*t,e
*te,x
*tex,a
*texa,s
*texas,e
*texase,t
*texaset,e
*texasete,s
*texasetes,$
*,t
*t,e
*te,y
*tey,u
*teyu,w
*teyuw,a
*teyuwa,s
*teyuwas,u
*teyuwasu,$
*,t
*t,h
*th,e
*the,c
*thec,o
*theco,c
*thecoc,o
*thecoco,e
*thecocoe,l
*thecocoel,u
*thecocoelu,r
*thecocoelur,u
*thecocoeluru,s
*thecocoelurus,$
*,t
*t,h
*th,e
*the,c
*thec,o
*theco,d
*thecod,o
*thecodo,n
*thecodon,t
*thecodont,o
*thecodonto,s
*thecodontos,a
*thecodontosa,u
*thecodontosau,r
*thecodontosaur,u
*thecodontosauru,s
*thecodontosaurus,$
*,t
*t,h
*th,e
*the,c
*thec,o
*theco,s
*thecos,p
*thecosp,o
*thecospo,n
*thecospon,d
*thecospond,y
*thecospondy,l
*thecospondyl,u
*thecospondylu,s
*thecospondylus,$
*,t
*t,h
*th,e
*the,i
*thei,o
*theio,p
*theiop,h
*theioph,y
*theiophy,t
*theiophyt,a
*theiophyta,l
*theiophytal,i
*theiophytali,a
*theiophytalia,$
*,t
*t,h
*th,e
*the,r
*ther,i
*theri,z
*theriz,i
*therizi,n
*therizin,o
*therizino,s
*therizinos,a
*therizinosa,u
*therizinosau,r
*therizinosaur,u
*therizinosauru,s
*therizinosaurus,$
*,t
*t,h
*th,e
*the,r
*ther,o
*thero,s
*theros,a
*therosa,u
*therosau,r
*therosaur,u
*therosauru,s
*therosaurus,$
*,t
*t,h
*th,e
*the,s
*thes,c
*thesc,e
*thesce,l
*thescel,o
*thescelo,s
*thescelos,a
*thescelosa,u
*thescelosau,r
*thescelosaur,u
*thescelosauru,s
*thescelosaurus,$
*,t
*t,h
*th,e
*the,s
*thes,p
*thesp,e
*thespe,s
*thespes,i
*thespesi,u
*thespesiu,s
*thespesius,$
*,t
*t,h
*th,o
*tho,t
*thot,o
*thoto,b
*thotob,o
*thotobo,l
*thotobol,o
*thotobolo,s
*thotobolos,a
*thotobolosa,u
*thotobolosau,r
*thotobolosaur,u
*thotobolosauru,s
*thotobolosaurus,$
*,t
*t,i
*ti,a
*tia,n
*tian,c
*tianc,h
*tianch,i
*tianchi,s
*tianchis,a
*tianchisa,u
*tianchisau,r
*tianchisaur,u
*tianchisauru,s
*tianchisaurus,$
*,t
*t,i
*ti,a
*tia,n
*tian,c
*tianc,h
*tianch,u
*tianchu,n
*tianchun,g
*tianchung,o
*tianchungo,s
*tianchungos,a
*tianchungosa,u
*tianchungosau,r
*tianchungosaur,u
*tianchungosauru,s
*tianchungosaurus,$
*,t
*t,i
*ti,a
*tia,n
*tian,y
*tiany,u
*tianyu,l
*tianyul,o
*tianyulo,n
*tianyulon,g
*tianyulong,$
*,t
*t,i
*ti,a
*tia,n
*tian,y
*tiany,u
*tianyu,r
*tianyur,a
*tianyura,p
*tianyurap,t
*tianyurapt,o
*tianyurapto,r
*tianyuraptor,$
*,t
*t,i
*ti,a
*tia,n
*tian,z
*tianz,h
*tianzh,e
*tianzhe,n
*tianzhen,o
*tianzheno,s
*tianzhenos,a
*tianzhenosa,u
*tianzhenosau,r
*tianzhenosaur,u
*tianzhenosauru,s
*tianzhenosaurus,$
*,t
*t,i
*ti,c
*tic,h
*tich,o
*ticho,s
*tichos,t
*tichost,e
*tichoste,u
*tichosteu,s
*tichosteus,$
*,t
*t,i
*ti,e
*tie,n
*tien,s
*tiens,h
*tiensh,a
*tiensha,n
*tienshan,o
*tienshano,s
*tienshanos,a
*tienshanosa,u
*tienshanosau,r
*tienshanosaur,u
*tienshanosauru,s
*tienshanosaurus,$
*,t
*t,i
*ti,m
*tim,i
*timi,m
*timim,u
*timimu,s
*timimus,$
*,t
*t,i
*ti,m
*tim,u
*timu,r
*timur,l
*timurl,e
*timurle,n
*timurlen,g
*timurleng,i
*timurlengi,a
*timurlengia,$
*,t
*t,i
*ti,t
*tit,a
*tita,n
*titan,o
*titano,c
*titanoc,e
*titanoce,r
*titanocer,a
*titanocera,t
*titanocerat,o
*titanocerato,p
*titanoceratop,s
*titanoceratops,$
*,t
*t,i
*ti,t
*tit,a
*tita,n
*titan,o
*titano,s
*titanos,a
*titanosa,u
*titanosau,r
*titanosaur,u
*titanosauru,s
*titanosaurus,$
*,t
*t,i
*ti,t
*tit,a
*tita,n
*titan,o
*titano,s
*titanos,a
*titanosa,u
*titanosau,r
*titanosaur,u
*titanosauru,s
*titanosaurus,$
*,t
*t,o
*to,c
*toc,h
*toch,i
*tochi,s
*tochis,a
*tochisa,u
*tochisau,r
*tochisaur,u
*tochisauru,s
*tochisaurus,$
*,t
*t,o
*to,m
*tom,o
*tomo,d
*tomod,o
*tomodo,n
*tomodon,$
*,t
*t,o
*to,n
*ton,g
*tong,a
*tonga,n
*tongan,o
*tongano,s
*tonganos,a
*tonganosa,u
*tonganosau,r
*tonganosaur,u
*tonganosauru,s
*tonganosaurus,$
*,t
*t,o
*to,n
*ton,g
*tong,t
*tongt,i
*tongti,a
*tongtia,n
*tongtian,l
*tongtianl,o
*tongtianlo,n
*tongtianlon,g
*tongtianlong,$
*,t
*t,o
*to,n
*ton,o
*tono,u
*tonou,c
*tonouc,h
*tonouch,i
*tonouchi,s
*tonouchis,a
*tonouchisa,u
*tonouchisau,r
*tonouchisaur,u
*tonouchisauru,s
*tonouchisaurus,$
*,t
*t,o
*to,r
*tor,i
*tori,l
*toril,i
*torili,o
*torilio,n
*torilion,$
*,t
*t,o
*to,r
*tor,n
*torn,i
*torni,e
*tornie,r
*tornier,i
*tornieri,a
*tornieria,$
*,t
*t,o
*to,r
*tor,o
*toro,s
*toros,a
*torosa,u
*torosau,r
*torosaur,u
*torosauru,s
*torosaurus,$
*,t
*t,o
*to,r
*tor,v
*torv,o
*torvo,s
*torvos,a
*torvosa,u
*torvosau,r
*torvosaur,u
*torvosauru,s
*torvosaurus,$
*,t
*t,o
*to,t
*tot,o
*toto,t
*totot,l
*tototl,m
*tototlm,i
*tototlmi,m
*tototlmim,u
*tototlmimu,s
*tototlmimus,$
*,t
*t,r
*tr,a
*tra,c
*trac,h
*trach,o
*tracho,d
*trachod,o
*trachodo,n
*trachodon,$
*,t
*t,r
*tr,a
*tra,u
*trau,k
*trauk,u
*trauku,t
*traukut,i
*traukuti,t
*traukutit,a
*traukutita,n
*traukutitan,$
*,t
*t,r
*tr,i
*tri,a
*tria,l
*trial,e
*triale,s
*triales,t
*trialest,e
*trialeste,s
*trialestes,$
*,t
*t,r
*tr,i
*tri,a
*tria,s
*trias,s
*triass,o
*triasso,l
*triassol,e
*triassole,s
*triassoles,t
*triassolest,e
*triassoleste,s
*triassolestes,$
*,t
*t,r
*tr,i
*tri,b
*trib,e
*tribe,l
*tribel,e
*tribele,s
*tribeles,o
*tribeleso,d
*tribelesod,o
*tribelesodo,n
*tribelesodon,$
*,t
*t,r
*tr,i
*tri,c
*tric,e
*trice,r
*tricer,a
*tricera,t
*tricerat,o
*tricerato,p
*triceratop,s
*triceratops,$
*,t
*t,r
*tr,i
*tri,g
*trig,o
*trigo,n
*trigon,o
*trigono,s
*trigonos,a
*trigonosa,u
*trigonosau,r
*trigonosaur,u
*trigonosauru,s
*trigonosaurus,$
*,t
*t,r
*tr,i
*tri,m
*trim,u
*trimu,c
*trimuc,r
*trimucr,o
*trimucro,d
*trimucrod,o
*trimucrodo,n
*trimucrodon,$
*,t
*t,r
*tr,i
*tri,n
*trin,i
*trini,s
*trinis,a
*trinisa,u
*trinisau,r
*trinisaur,a
*trinisaura,$
*,t
*t,r
*tr,i
*tri,u
*triu,n
*triun,f
*triunf,o
*triunfo,s
*triunfos,a
*triunfosa,u
*triunfosau,r
*triunfosaur,u
*triunfosauru,s
*triunfosaurus,$
*,t
*t,r
*tr,o
*tro,o
*troo,d
*trood,o
*troodo,n
*troodon,$
*,t
*t,s
*ts,a
*tsa,a
*tsaa,g
*tsaag,a
*tsaaga,n
*tsaagan,$
*,t
*t,s
*ts,a
*tsa,g
*tsag,a
*tsaga,n
*tsagan,t
*tsagant,e
*tsagante,g
*tsaganteg,i
*tsagantegi,a
*tsagantegia,$
*,t
*t,s
*ts,i
*tsi,n
*tsin,t
*tsint,a
*tsinta,o
*tsintao,s
*tsintaos,a
*tsintaosa,u
*tsintaosau,r
*tsintaosaur,u
*tsintaosauru,s
*tsintaosaurus,$
*,t
*t,u
*tu,g
*tug,u
*tugu,l
*tugul,u
*tugulu,s
*tugulus,a
*tugulusa,u
*tugulusau,r
*tugulusaur,u
*tugulusauru,s
*tugulusaurus,$
*,t
*t,u
*tu,o
*tuo,j
*tuoj,i
*tuoji,a
*tuojia,n
*tuojian,g
*tuojiang,o
*tuojiango,s
*tuojiangos,a
*tuojiangosa,u
*tuojiangosau,r
*tuojiangosaur,u
*tuojiangosauru,s
*tuojiangosaurus,$
*,t
*t,u
*tu,r
*tur,a
*tura,n
*turan,o
*turano,c
*turanoc,e
*turanoce,r
*turanocer,a
*turanocera,t
*turanocerat,o
*turanocerato,p
*turanoceratop,s
*turanoceratops,$
*,t
*t,u
*tu,r
*tur,i
*turi,a
*turia,s
*turias,a
*turiasa,u
*turiasau,r
*turiasaur,u
*turiasauru,s
*turiasaurus,$
*,t
*t,y
*ty,l
*tyl,o
*tylo,c
*tyloc,e
*tyloce,p
*tylocep,h
*tyloceph,a
*tylocepha,l
*tylocephal,e
*tylocephale,$
*,t
*t,y
*ty,l
*tyl,o
*tylo,s
*tylos,t
*tylost,e
*tyloste,u
*tylosteu,s
*tylosteus,$
*,t
*t,y
*ty,r
*tyr,a
*tyra,n
*tyran,n
*tyrann,o
*tyranno,s
*tyrannos,a
*tyrannosa,u
*tyrannosau,r
*tyrannosaur,u
*tyrannosauru,s
*tyrannosaurus,$
*,t
*t,y
*ty,r
*tyr,a
*tyra,n
*tyran,n
*tyrann,o
*tyranno,t
*tyrannot,i
*tyrannoti,t
*tyrannotit,a
*tyrannotita,n
*tyrannotitan,$
*,i
*i,l
*il,l
*ill,u
*illu,s
*illus,t
*illust,r
*illustr,a
*illustra,t
*illustrat,i
*illustrati,o
*illustratio,n
*illustration,$
*,u
*u,b
*ub,e
*ube,r
*uber,a
*ubera,b
*uberab,a
*uberaba,t
*uberabat,i
*uberabati,t
*uberabatit,a
*uberabatita,n
*uberabatitan,$
*,u
*u,d
*ud,a
*uda,n
*udan,o
*udano,c
*udanoc,e
*udanoce,r
*udanocer,a
*udanocera,t
*udanocerat,o
*udanocerato,p
*udanoceratop,s
*udanoceratops,$
*,u
*u,g
*ug,r
*ugr,o
*ugro,s
*ugros,a
*ugrosa,u
*ugrosau,r
*ugrosaur,u
*ugrosauru,s
*ugrosaurus,$
*,u
*u,g
*ug,r
*ugr,u
*ugru,n
*ugrun,a
*ugruna,a
*ugrunaa,l
*ugrunaal,u
*ugrunaalu,k
*ugrunaaluk,$
*,u
*u,i
*ui,n
*uin,t
*uint,a
*uinta,s
*uintas,a
*uintasa,u
*uintasau,r
*uintasaur,u
*uintasauru,s
*uintasaurus,$
*,u
*u,l
*ul,t
*ult,r
*ultr,a
*ultra,s
*ultras,a
*ultrasa,u
*ultrasau,r
*ultrasaur,o
*ultrasauro,s
*ultrasauros,$
*,u
*u,l
*ul,t
*ult,r
*ultr,a
*ultra,s
*ultras,a
*ultrasa,u
*ultrasau,r
*ultrasaur,u
*ultrasauru,s
*ultrasaurus,$
*,u
*u,l
*ul,t
*ult,r
*ultr,a
*ultra,s
*ultras,a
*ultrasa,u
*ultrasau,r
*ultrasaur,u
*ultrasauru,s
*ultrasaurus,$
*,u
*u,m
*um,a
*uma,r
*umar,s
*umars,a
*umarsa,u
*umarsau,r
*umarsaur,u
*umarsauru,s
*umarsaurus,$
*,u
*u,n
*un,a
*una,y
*unay,s
*unays,a
*unaysa,u
*unaysau,r
*unaysaur,u
*unaysauru,s
*unaysaurus,$
*,u
*u,n
*un,e
*une,n
*unen,l
*unenl,a
*unenla,g
*unenlag,i
*unenlagi,a
*unenlagia,$
*,u
*u,n
*un,e
*une,s
*unes,c
*unesc,o
*unesco,c
*unescoc,e
*unescoce,r
*unescocer,a
*unescocera,t
*unescocerat,o
*unescocerato,p
*unescoceratop,s
*unescoceratops,$
*,u
*u,n
*un,i
*uni,c
*unic,e
*unice,r
*unicer,o
*unicero,s
*uniceros,a
*unicerosa,u
*unicerosau,r
*unicerosaur,u
*unicerosauru,s
*unicerosaurus,$
*,u
*u,n
*un,q
*unq,u
*unqu,i
*unqui,l
*unquil,l
*unquill,o
*unquillo,s
*unquillos,a
*unquillosa,u
*unquillosau,r
*unquillosaur,u
*unquillosauru,s
*unquillosaurus,$
*,u
*u,r
*ur,b
*urb,a
*urba,c
*urbac,o
*urbaco,d
*urbacod,o
*urbacodo,n
*urbacodon,$
*,u
*u,t
*ut,a
*uta,h
*utah,c
*utahc,e
*utahce,r
*utahcer,a
*utahcera,t
*utahcerat,o
*utahcerato,p
*utahceratop,s
*utahceratops,$
*,u
*u,t
*ut,a
*uta,h
*utah,r
*utahr,a
*utahra,p
*utahrap,t
*utahrapt,o
*utahrapto,r
*utahraptor,$
*,u
*u,t
*ut,e
*ute,o
*uteo,d
*uteod,o
*uteodo,n
*uteodon,$
*,v
*v,a
*va,g
*vag,a
*vaga,c
*vagac,e
*vagace,r
*vagacer,a
*vagacera,t
*vagacerat,o
*vagacerato,p
*vagaceratop,s
*vagaceratops,$
*,v
*v,a
*va,h
*vah,i
*vahi,n
*vahin,y
*vahiny,$
*,v
*v,a
*va,l
*val,d
*vald,o
*valdo,r
*valdor,a
*valdora,p
*valdorap,t
*valdorapt,o
*valdorapto,r
*valdoraptor,$
*,v
*v,a
*va,l
*val,d
*vald,o
*valdo,s
*valdos,a
*valdosa,u
*valdosau,r
*valdosaur,u
*valdosauru,s
*valdosaurus,$
*,v
*v,a
*va,r
*var,i
*vari,r
*varir,a
*varira,p
*varirap,t
*varirapt,o
*varirapto,r
*variraptor,$
*,v
*v,e
*ve,l
*vel,o
*velo,c
*veloc,i
*veloci,r
*velocir,a
*velocira,p
*velocirap,t
*velocirapt,o
*velocirapto,r
*velociraptor,$
*,v
*v,e
*ve,c
*vec,t
*vect,e
*vecte,n
*vecten,s
*vectens,i
*vectensi,a
*vectensia,$
*,v
*v,e
*ve,c
*vec,t
*vect,i
*vecti,s
*vectis,a
*vectisa,u
*vectisau,r
*vectisaur,u
*vectisauru,s
*vectisaurus,$
*,v
*v,e
*ve,l
*vel,a
*vela,f
*velaf,r
*velafr,o
*velafro,n
*velafron,s
*velafrons,$
*,v
*v,e
*ve,l
*vel,o
*velo,c
*veloc,i
*veloci,p
*velocip,e
*velocipe,s
*velocipes,$
*,v
*v,e
*ve,l
*vel,o
*velo,c
*veloc,i
*veloci,r
*velocir,a
*velocira,p
*velocirap,t
*velocirapt,o
*velocirapto,r
*velociraptor,$
*,v
*v,e
*ve,l
*vel,o
*velo,c
*veloc,i
*veloci,s
*velocis,a
*velocisa,u
*velocisau,r
*velocisaur,u
*velocisauru,s
*velocisaurus,$
*,v
*v,e
*ve,n
*ven,a
*vena,t
*venat,i
*venati,c
*venatic,o
*venatico,s
*venaticos,u
*venaticosu,c
*venaticosuc,h
*venaticosuch,u
*venaticosuchu,s
*venaticosuchus,$
*,v
*v,e
*ve,n
*ven,e
*vene,n
*venen,o
*veneno,s
*venenos,a
*venenosa,u
*venenosau,r
*venenosaur,u
*venenosauru,s
*venenosaurus,$
*,v
*v,e
*ve,t
*vet,e
*vete,r
*veter,u
*veteru,p
*veterup,r
*veterupr,i
*veterupri,s
*veterupris,t
*veteruprist,i
*veterupristi,s
*veterupristis,a
*veterupristisa,u
*veterupristisau,r
*veterupristisaur,u
*veterupristisauru,s
*veterupristisaurus,$
*,v
*v,i
*vi,a
*via,v
*viav,e
*viave,n
*viaven,a
*viavena,t
*viavenat,o
*viavenato,r
*viavenator,$
*,v
*v,i
*vi,t
*vit,a
*vita,k
*vitak,r
*vitakr,i
*vitakri,d
*vitakrid,r
*vitakridr,i
*vitakridri,n
*vitakridrin,d
*vitakridrind,a
*vitakridrinda,$
*,v
*v,i
*vi,t
*vit,a
*vita,k
*vitak,r
*vitakr,i
*vitakri,s
*vitakris,a
*vitakrisa,u
*vitakrisau,r
*vitakrisaur,u
*vitakrisauru,s
*vitakrisaurus,$
*,v
*v,o
*vo,l
*vol,k
*volk,h
*volkh,e
*volkhe,i
*volkhei,m
*volkheim,e
*volkheime,r
*volkheimer,i
*volkheimeri,a
*volkheimeria,$
*,v
*v,o
*vo,u
*vou,i
*voui,v
*vouiv,r
*vouivr,i
*vouivri,a
*vouivria,$
*,v
*v,u
*vu,l
*vul,c
*vulc,a
*vulca,n
*vulcan,o
*vulcano,d
*vulcanod,o
*vulcanodo,n
*vulcanodon,$
*,w
*w,a
*wa,d
*wad,h
*wadh,u
*wadhu,r
*wadhur,s
*wadhurs,t
*wadhurst,i
*wadhursti,a
*wadhurstia,$
*,w
*w,a
*wa,k
*wak,i
*waki,n
*wakin,o
*wakino,s
*wakinos,a
*wakinosa,u
*wakinosau,r
*wakinosaur,u
*wakinosauru,s
*wakinosaurus,$
*,w
*w,a
*wa,l
*wal,g
*walg,e
*walge,t
*walget,t
*walgett,o
*walgetto,s
*walgettos,u
*walgettosu,c
*walgettosuc,h
*walgettosuch,u
*walgettosuchu,s
*walgettosuchus,$
*,w
*w,a
*wa,l
*wal,k
*walk,e
*walke,r
*walker,i
*walkeri,a
*walkeria,$
*,w
*w,a
*wa,l
*wal,k
*walk,e
*walke,r
*walker,s
*walkers,a
*walkersa,u
*walkersau,r
*walkersaur,u
*walkersauru,s
*walkersaurus,$
*,w
*w,a
*wa,n
*wan,g
*wang,o
*wango,n
*wangon,i
*wangoni,s
*wangonis,a
*wangonisa,u
*wangonisau,r
*wangonisaur,u
*wangonisauru,s
*wangonisaurus,$
*,w
*w,a
*wa,n
*wan,n
*wann,a
*wanna,n
*wannan,o
*wannano,s
*wannanos,a
*wannanosa,u
*wannanosau,r
*wannanosaur,u
*wannanosauru,s
*wannanosaurus,$
*,w
*w,e
*we,l
*wel,l
*well,n
*welln,h
*wellnh,o
*wellnho,f
*wellnhof,e
*wellnhofe,r
*wellnhofer,i
*wellnhoferi,a
*wellnhoferia,$
*,w
*w,e
*we,n
*wen,d
*wend,i
*wendi,c
*wendic,e
*wendice,r
*wendicer,a
*wendicera,t
*wendicerat,o
*wendicerato,p
*wendiceratop,s
*wendiceratops,$
*,w
*w,i
*wi,e
*wie,h
*wieh,e
*wiehe,n
*wiehen,v
*wiehenv,e
*wiehenve,n
*wiehenven,a
*wiehenvena,t
*wiehenvenat,o
*wiehenvenato,r
*wiehenvenator,$
*,w
*w,i
*wi,l
*wil,l
*will,i
*willi,n
*willin,a
*willina,k
*willinak,a
*willinaka,q
*willinakaq,e
*willinakaqe,$
*,w
*w,i
*wi,n
*win,t
*wint,o
*winto,n
*winton,o
*wintono,t
*wintonot,i
*wintonoti,t
*wintonotit,a
*wintonotita,n
*wintonotitan,$
*,w
*w,u
*wu,e
*wue,r
*wuer,h
*wuerh,o
*wuerho,s
*wuerhos,a
*wuerhosa,u
*wuerhosau,r
*wuerhosaur,u
*wuerhosauru,s
*wuerhosaurus,$
*,w
*w,u
*wu,l
*wul,a
*wula,g
*wulag,a
*wulaga,s
*wulagas,a
*wulagasa,u
*wulagasau,r
*wulagasaur,u
*wulagasauru,s
*wulagasaurus,$
*,w
*w,u
*wu,l
*wul,a
*wula,t
*wulat,e
*wulate,l
*wulatel,o
*wulatelo,n
*wulatelon,g
*wulatelong,$
*,w
*w,y
*wy,l
*wyl,e
*wyle,y
*wyley,i
*wyleyi,a
*wyleyia,$
*,w
*w,y
*wy,o
*wyo,m
*wyom,i
*wyomi,n
*wyomin,g
*wyoming,r
*wyomingr,a
*wyomingra,p
*wyomingrap,t
*wyomingrapt,o
*wyomingrapto,r
*wyomingraptor,$
*,x
*x,e
*xe,n
*xen,o
*xeno,c
*xenoc,e
*xenoce,r
*xenocer,a
*xenocera,t
*xenocerat,o
*xenocerato,p
*xenoceratop,s
*xenoceratops,$
*,x
*x,e
*xe,n
*xen,o
*xeno,p
*xenop,o
*xenopo,s
*xenopos,e
*xenopose,i
*xenoposei,d
*xenoposeid,o
*xenoposeido,n
*xenoposeidon,$
*,x
*x,e
*xe,n
*xen,o
*xeno,t
*xenot,a
*xenota,r
*xenotar,s
*xenotars,o
*xenotarso,s
*xenotarsos,a
*xenotarsosa,u
*xenotarsosau,r
*xenotarsosaur,u
*xenotarsosauru,s
*xenotarsosaurus,$
*,x
*x,i
*xi,a
*xia,n
*xian,s
*xians,h
*xiansh,a
*xiansha,n
*xianshan,o
*xianshano,s
*xianshanos,a
*xianshanosa,u
*xianshanosau,r
*xianshanosaur,u
*xianshanosauru,s
*xianshanosaurus,$
*,x
*x,i
*xi,a
*xia,o
*xiao,s
*xiaos,a
*xiaosa,u
*xiaosau,r
*xiaosaur,u
*xiaosauru,s
*xiaosaurus,$
*,x
*x,i
*xi,n
*xin,g
*xing,x
*xingx,i
*xingxi,u
*xingxiu,l
*xingxiul,o
*xingxiulo,n
*xingxiulon,g
*xingxiulong,$
*,x
*x,i
*xi,n
*xin,j
*xinj,i
*xinji,a
*xinjia,n
*xinjian,g
*xinjiang,o
*xinjiango,v
*xinjiangov,e
*xinjiangove,n
*xinjiangoven,a
*xinjiangovena,t
*xinjiangovenat,o
*xinjiangovenato,r
*xinjiangovenator,$
*,x
*x,i
*xi,n
*xin,j
*xinj,i
*xinji,a
*xinjia,n
*xinjian,g
*xinjiang,t
*xinjiangt,i
*xinjiangti,t
*xinjiangtit,a
*xinjiangtita,n
*xinjiangtitan,$
*,x
*x,i
*xi,o
*xio,n
*xion,g
*xiong,g
*xiongg,u
*xionggu,a
*xionggua,n
*xiongguan,l
*xiongguanl,o
*xiongguanlo,n
*xiongguanlon,g
*xiongguanlong,$
*,x
*x,i
*xi,x
*xix,i
*xixi,a
*xixia,n
*xixian,y
*xixiany,k
*xixianyk,u
*xixianyku,s
*xixianykus,$
*,x
*x,i
*xi,x
*xix,i
*xixi,a
*xixia,s
*xixias,a
*xixiasa,u
*xixiasau,r
*xixiasaur,u
*xixiasauru,s
*xixiasaurus,$
*,x
*x,i
*xi,x
*xix,i
*xixi,p
*xixip,o
*xixipo,s
*xixipos,a
*xixiposa,u
*xixiposau,r
*xixiposaur,u
*xixiposauru,s
*xixiposaurus,$
*,x
*x,u
*xu,a
*xua,n
*xuan,h
*xuanh,a
*xuanha,n
*xuanhan,o
*xuanhano,s
*xuanhanos,a
*xuanhanosa,u
*xuanhanosau,r
*xuanhanosaur,u
*xuanhanosauru,s
*xuanhanosaurus,$
*,x
*x,u
*xu,a
*xua,n
*xuan,h
*xuanh,u
*xuanhu,a
*xuanhua,c
*xuanhuac,e
*xuanhuace,r
*xuanhuacer,a
*xuanhuacera,t
*xuanhuacerat,o
*xuanhuacerato,p
*xuanhuaceratop,s
*xuanhuaceratops,$
*,x
*x,u
*xu,a
*xua,n
*xuan,h
*xuanh,u
*xuanhu,a
*xuanhua,s
*xuanhuas,a
*xuanhuasa,u
*xuanhuasau,r
*xuanhuasaur,u
*xuanhuasauru,s
*xuanhuasaurus,$
*,x
*x,u
*xu,w
*xuw,u
*xuwu,l
*xuwul,o
*xuwulo,n
*xuwulon,g
*xuwulong,$
*,y
*y,a
*ya,l
*yal,e
*yale,o
*yaleo,s
*yaleos,a
*yaleosa,u
*yaleosau,r
*yaleosaur,u
*yaleosauru,s
*yaleosaurus,$
*,y
*y,a
*ya,m
*yam,a
*yama,c
*yamac,e
*yamace,r
*yamacer,a
*yamacera,t
*yamacerat,o
*yamacerato,p
*yamaceratop,s
*yamaceratops,$
*,y
*y,a
*ya,n
*yan,d
*yand,u
*yandu,s
*yandus,a
*yandusa,u
*yandusau,r
*yandusaur,u
*yandusauru,s
*yandusaurus,$
*,y
*y,a
*ya,n
*yan,g
*yang,c
*yangc,h
*yangch,u
*yangchu,a
*yangchua,n
*yangchuan,o
*yangchuano,s
*yangchuanos,a
*yangchuanosa,u
*yangchuanosau,r
*yangchuanosaur,u
*yangchuanosauru,s
*yangchuanosaurus,$
*,y
*y,a
*ya,v
*yav,e
*yave,r
*yaver,l
*yaverl,a
*yaverla,n
*yaverlan,d
*yaverland,i
*yaverlandi,a
*yaverlandia,$
*,y
*y,e
*ye,h
*yeh,u
*yehu,e
*yehue,c
*yehuec,a
*yehueca,u
*yehuecau,h
*yehuecauh,c
*yehuecauhc,e
*yehuecauhce,r
*yehuecauhcer,a
*yehuecauhcera,t
*yehuecauhcerat,o
*yehuecauhcerato,p
*yehuecauhceratop,s
*yehuecauhceratops,$
*,y
*y,e
*ye,z
*yez,o
*yezo,s
*yezos,a
*yezosa,u
*yezosau,r
*yezosaur,u
*yezosauru,s
*yezosaurus,$
*,y
*y,i
*yi,b
*yib,i
*yibi,n
*yibin,o
*yibino,s
*yibinos,a
*yibinosa,u
*yibinosau,r
*yibinosaur,u
*yibinosauru,s
*yibinosaurus,$
*,y
*y,i
*yi,m
*yim,e
*yime,n
*yimen,o
*yimeno,s
*yimenos,a
*yimenosa,u
*yimenosau,r
*yimenosaur,u
*yimenosauru,s
*yimenosaurus,$
*,y
*y,i
*yi,n
*yin,g
*ying,s
*yings,h
*yingsh,a
*yingsha,n
*yingshan,o
*yingshano,s
*yingshanos,a
*yingshanosa,u
*yingshanosau,r
*yingshanosaur,u
*yingshanosauru,s
*yingshanosaurus,$
*,y
*y,i
*yi,n
*yin,l
*yinl,o
*yinlo,n
*yinlon,g
*yinlong,$
*,y
*y,i
*yi,x
*yix,i
*yixi,a
*yixia,n
*yixian,o
*yixiano,s
*yixianos,a
*yixianosa,u
*yixianosau,r
*yixianosaur,u
*yixianosauru,s
*yixianosaurus,$
*,y
*y,i
*yi,z
*yiz,h
*yizh,o
*yizho,u
*yizhou,s
*yizhous,a
*yizhousa,u
*yizhousau,r
*yizhousaur,u
*yizhousauru,s
*yizhousaurus,$
*,y
*y,o
*yo,n
*yon,g
*yong,j
*yongj,i
*yongji,n
*yongjin,g
*yongjing,l
*yongjingl,o
*yongjinglo,n
*yongjinglon,g
*yongjinglong,$
*,y
*y,u
*yu,a
*yua,n
*yuan,m
*yuanm,o
*yuanmo,u
*yuanmou,r
*yuanmour,a
*yuanmoura,p
*yuanmourap,t
*yuanmourapt,o
*yuanmourapto,r
*yuanmouraptor,$
*,y
*y,u
*yu,a
*yua,n
*yuan,m
*yuanm,o
*yuanmo,u
*yuanmou,s
*yuanmous,a
*yuanmousa,u
*yuanmousau,r
*yuanmousaur,u
*yuanmousauru,s
*yuanmousaurus,$
*,y
*y,u
*yu,e
*yue,o
*yueo,s
*yueos,a
*yueosa,u
*yueosau,r
*yueosaur,u
*yueosauru,s
*yueosaurus,$
*,y
*y,u
*yu,l
*yul,o
*yulo,n
*yulon,g
*yulong,$
*,y
*y,u
*yu,n
*yun,g
*yung,a
*yunga,n
*yungan,g
*yungang,l
*yungangl,o
*yunganglo,n
*yunganglon,g
*yunganglong,$
*,y
*y,u
*yu,n
*yun,m
*yunm,e
*yunme,n
*yunmen,g
*yunmeng,l
*yunmengl,o
*yunmenglo,n
*yunmenglon,g
*yunmenglong,$
*,y
*y,u
*yu,n
*yun,n
*yunn,a
*yunna,n
*yunnan,o
*yunnano,s
*yunnanos,a
*yunnanosa,u
*yunnanosau,r
*yunnanosaur,u
*yunnanosauru,s
*yunnanosaurus,$
*,y
*y,u
*yu,n
*yun,x
*yunx,i
*yunxi,a
*yunxia,n
*yunxian,o
*yunxiano,s
*yunxianos,a
*yunxianosa,u
*yunxianosau,r
*yunxianosaur,u
*yunxianosauru,s
*yunxianosaurus,$
*,y
*y,u
*yu,r
*yur,g
*yurg,o
*yurgo,v
*yurgov,u
*yurgovu,c
*yurgovuc,h
*yurgovuch,i
*yurgovuchi,a
*yurgovuchia,$
*,y
*y,u
*yu,t
*yut,y
*yuty,r
*yutyr,a
*yutyra,n
*yutyran,n
*yutyrann,u
*yutyrannu,s
*yutyrannus,$
*,z
*z,a
*za,n
*zan,a
*zana,b
*zanab,a
*zanaba,z
*zanabaz,a
*zanabaza,r
*zanabazar,$
*,z
*z,a
*za,n
*zan,c
*zanc,l
*zancl,o
*zanclo,d
*zanclod,o
*zanclodo,n
*zanclodon,$
*,z
*z,a
*za,p
*zap,a
*zapa,l
*zapal,a
*zapala,s
*zapalas,a
*zapalasa,u
*zapalasau,r
*zapalasaur,u
*zapalasauru,s
*zapalasaurus,$
*,z
*z,a
*za,p
*zap,s
*zaps,a
*zapsa,l
*zapsal,i
*zapsali,s
*zapsalis,$
*,z
*z,a
*za,r
*zar,a
*zara,a
*zaraa,p
*zaraap,e
*zaraape,l
*zaraapel,t
*zaraapelt,a
*zaraapelta,$
*,z
*z,a
*za,t
*zat,o
*zato,m
*zatom,u
*zatomu,s
*zatomus,z
*zatomusz,b
*zatomuszb,y
*zatomuszby,$
*,z
*z,e
*ze,p
*zep,h
*zeph,y
*zephy,r
*zephyr,o
*zephyro,s
*zephyros,a
*zephyrosa,u
*zephyrosau,r
*zephyrosaur,u
*zephyrosauru,s
*zephyrosaurus,$
*,z
*z,h
*zh,a
*zha,n
*zhan,g
*zhang,h
*zhangh,e
*zhanghe,n
*zhanghen,g
*zhangheng,l
*zhanghengl,o
*zhanghenglo,n
*zhanghenglon,g
*zhanghenglong,$
*,z
*z,h
*zh,e
*zhe,j
*zhej,i
*zheji,a
*zhejia,n
*zhejian,g
*zhejiang,o
*zhejiango,s
*zhejiangos,a
*zhejiangosa,u
*zhejiangosau,r
*zhejiangosaur,u
*zhejiangosauru,s
*zhejiangosaurus,$
*,z
*z,h
*zh,e
*zhe,n
*zhen,y
*zheny,u
*zhenyu,a
*zhenyua,n
*zhenyuan,l
*zhenyuanl,o
*zhenyuanlo,n
*zhenyuanlon,g
*zhenyuanlong,$
*,z
*z,h
*zh,o
*zho,n
*zhon,g
*zhong,o
*zhongo,r
*zhongor,n
*zhongorn,i
*zhongorni,s
*zhongornis,$
*,z
*z,h
*zh,o
*zho,n
*zhon,g
*zhong,j
*zhongj,i
*zhongji,a
*zhongjia,n
*zhongjian,o
*zhongjiano,s
*zhongjianos,a
*zhongjianosa,u
*zhongjianosau,r
*zhongjianosaur,u
*zhongjianosauru,s
*zhongjianosaurus,$
*,z
*z,h
*zh,o
*zho,n
*zhon,g
*zhong,y
*zhongy,u
*zhongyu,a
*zhongyua,n
*zhongyuan,s
*zhongyuans,a
*zhongyuansa,u
*zhongyuansau,r
*zhongyuansaur,u
*zhongyuansauru,s
*zhongyuansaurus,$
*,z
*z,h
*zh,u
*zhu,c
*zhuc,h
*zhuch,e
*zhuche,n
*zhuchen,g
*zhucheng,c
*zhuchengc,e
*zhuchengce,r
*zhuchengcer,a
*zhuchengcera,t
*zhuchengcerat,o
*zhuchengcerato,p
*zhuchengceratop,s
*zhuchengceratops,$
*,z
*z,h
*zh,u
*zhu,c
*zhuc,h
*zhuch,e
*zhuche,n
*zhuchen,g
*zhucheng,o
*zhuchengo,s
*zhuchengos,a
*zhuchengosa,u
*zhuchengosau,r
*zhuchengosaur,u
*zhuchengosauru,s
*zhuchengosaurus,$
*,z
*z,h
*zh,u
*zhu,c
*zhuc,h
*zhuch,e
*zhuche,n
*zhuchen,g
*zhucheng,t
*zhuchengt,i
*zhuchengti,t
*zhuchengtit,a
*zhuchengtita,n
*zhuchengtitan,$
*,z
*z,h
*zh,u
*zhu,c
*zhuc,h
*zhuch,e
*zhuche,n
*zhuchen,g
*zhucheng,t
*zhuchengt,y
*zhuchengty,r
*zhuchengtyr,a
*zhuchengtyra,n
*zhuchengtyran,n
*zhuchengtyrann,u
*zhuchengtyrannu,s
*zhuchengtyrannus,$
*,z
*z,i
*zi,a
*zia,p
*ziap,e
*ziape,l
*ziapel,t
*ziapelt,a
*ziapelta,$
*,z
*z,i
*zi,g
*zig,o
*zigo,n
*zigon,g
*zigong,o
*zigongo,s
*zigongos,a
*zigongosa,u
*zigongosau,r
*zigongosaur,u
*zigongosauru,s
*zigongosaurus,$
*,z
*z,i
*zi,z
*ziz,h
*zizh,o
*zizho,n
*zizhon,g
*zizhong,o
*zizhongo,s
*zizhongos,a
*zizhongosa,u
*zizhongosau,r
*zizhongosaur,u
*zizhongosauru,s
*zizhongosaurus,$
*,z
*z,u
*zu,n
*zun,i
*zuni,c
*zunic,e
*zunice,r
*zunicer,a
*zunicera,t
*zunicerat,o
*zunicerato,p
*zuniceratop,s
*zuniceratops,$
*,z
*z,u
*zu,n
*zun,i
*zuni,t
*zunit,y
*zunity,r
*zunityr,a
*zunityra,n
*zunityran,n
*zunityrann,u
*zunityrannu,s
*zunityrannus,$
*,z
*z,u
*zu,o
*zuo,l
*zuol,o
*zuolo,n
*zuolon,g
*zuolong,$
*,z
*z,u
*zu,o
*zuo,y
*zuoy,u
*zuoyu,n
*zuoyun,l
*zuoyunl,o
*zuoyunlo,n
*zuoyunlon,g
*zuoyunlong,$
*,z
*z,u
*zu,p
*zup,a
*zupa,y
*zupay,s
*zupays,a
*zupaysa,u
*zupaysau,r
*zupaysaur,u
*zupaysauru,s
*zupaysaurus,$
*,z
*z,u
*zu,u
*zuu,l
*zuul,$
